family,condition,transition_id,source_label,target_label,source_class,target_class,proxy_models,target_model,proxy_layer,pull_weight,push_weight,N,clean_valid_denominator,proxy_success_count,TASR_numerator,TASR_denominator,target_hits_among_proxy_success,TASR,source_variance,target_variance,source_covariance_trace,target_covariance_trace,source_effective_rank,target_effective_rank,prototype_distance,mean_delta_pull,mean_delta_push,mean_delta_R,median_delta_R,clean_margin,adversarial_margin,margin_change,gap_closure,CKA,RSA,mean_pairwise_proxy_CKA,mean_pairwise_proxy_RSA,mean_gradient_cosine,runtime_seconds,peak_reserved_vram_gib
single_proxy,single_proxy__InternVL3.5-2B-HF__to__Gemma_4_E4B-it__l23__p0.75-0.25,T01,1,2,goldfish,monarch butterfly,InternVL3.5-2B-HF,Gemma 4 E4B-it,23,0.75,0.25,30,30,30,1,30,1,0.03333333333333333,0.013740313239395618,0.011604906059801579,0.027872681617736816,0.023566236719489098,27.73090362548828,26.296092987060547,0.01898568868637085,-9.466608025832102e-05,0.003996552899479866,0.00390188698656857,0.004105925559997559,-0.01769728772342205,-0.013795401901006699,0.00390188698656857,0.00390188698656857,0.9368488788604736,0.8553114802759518,,,,44.441899677996844,6.513671875
single_proxy,single_proxy__InternVL3.5-2B-HF__to__Gemma_4_E4B-it__l23__p0.75-0.25,T03,3,4,pineapple,acoustic guitar,InternVL3.5-2B-HF,Gemma 4 E4B-it,23,0.75,0.25,30,30,30,0,30,0,0.0,0.023905666545033455,0.014722772873938084,0.04824504628777504,0.029850417748093605,18.286163330078125,25.011240005493164,0.03270423412322998,0.015141252428293228,0.0011265595676377416,0.016267811879515648,0.014071226119995117,-0.029536642134189606,-0.013268830254673958,0.016267811879515648,0.016267811879515648,0.8564447164535522,0.6547870531027303,,,,43.07598702500036,6.513671875
single_proxy,single_proxy__InternVL3.5-2B-HF__to__Gemma_4_E4B-it__l23__p0.75-0.25,T05,5,6,laptop,espresso,InternVL3.5-2B-HF,Gemma 4 E4B-it,23,0.75,0.25,30,30,30,0,30,0,0.0,0.012819773517549038,0.014162767678499222,0.02601718157529831,0.028723325580358505,26.098472595214844,25.805089950561523,0.01222902536392212,0.002177685499191284,0.0009104053024202585,0.0030880908016115427,0.002823740243911743,-0.010007870383560658,-0.006919779349118471,0.0030880908016115427,0.0030880908016115427,0.9002621173858643,0.7505661835450219,,,,43.34764010900108,6.513671875
single_proxy,single_proxy__InternVL3.5-2B-HF__to__Gemma_4_E4B-it__l23__p0.75-0.25,T07,7,8,volcano,rocking chair,InternVL3.5-2B-HF,Gemma 4 E4B-it,23,0.75,0.25,30,30,30,1,30,1,0.03333333333333333,0.019367802888154984,0.015113559551537037,0.03917695954442024,0.030637145042419434,28.29238510131836,27.540597915649414,0.02183908224105835,0.0077878194861114025,0.0020345509983599186,0.009822370484471321,0.009649395942687988,-0.020849129185080528,-0.011026757769286633,0.009822370484471321,0.009822370484471321,0.9298343658447266,0.7992798860584072,,,,43.43448701899979,6.513671875
single_proxy,single_proxy__InternVL3.5-2B-HF__to__Gemma_4_E4B-it__l23__p0.75-0.25,T09,9,10,soccer ball,school bus,InternVL3.5-2B-HF,Gemma 4 E4B-it,23,0.75,0.25,30,30,30,2,30,2,0.06666666666666667,0.016621073707938194,0.010192938148975372,0.03366765007376671,0.020713558420538902,23.42094612121582,27.576175689697266,0.009792685508728027,0.002448298502713442,-0.0004984458209946752,0.0019498526817187667,0.0016580820083618164,-0.00833234004676342,-0.006382487248629332,0.0019498526817187667,0.0019498526817187667,0.8798832297325134,0.728837737748348,,,,43.091313965000154,6.513671875
single_proxy,single_proxy__InternVL3.5-2B-HF__to__InternVL3.5-4B-HF__l23__p0.75-0.25,T01,1,2,goldfish,monarch butterfly,InternVL3.5-2B-HF,InternVL3.5-4B-HF,23,0.75,0.25,30,30,30,25,30,25,0.8333333333333334,0.018277516588568687,0.015552443452179432,0.03699168935418129,0.03151911497116089,23.250425338745117,23.017000198364258,0.03345024585723877,0.02024254761636257,0.0109214186668396,0.03116396628320217,0.031107455492019653,-0.03185735642910004,-0.0006933888071216643,0.03116396628320217,0.03116396628320217,0.9660873413085938,0.9137480511021122,,,,44.003521608989104,6.513671875
single_proxy,single_proxy__InternVL3.5-2B-HF__to__InternVL3.5-4B-HF__l23__p0.75-0.25,T03,3,4,pineapple,acoustic guitar,InternVL3.5-2B-HF,InternVL3.5-4B-HF,23,0.75,0.25,30,30,30,6,30,6,0.2,0.018692610785365105,0.01706230640411377,0.03782397136092186,0.034553658217191696,19.53386878967285,20.959590911865234,0.034928858280181885,0.014539215713739395,0.007277057506144047,0.021816274151206017,0.020722657442092896,-0.03069295361638069,-0.008876679465174675,0.021816274151206017,0.021816274151206017,0.9570565819740295,0.9058564879589585,,,,42.16314416199748,6.513671875
single_proxy,single_proxy__InternVL3.5-2B-HF__to__InternVL3.5-4B-HF__l23__p0.75-0.25,T05,5,6,laptop,espresso,InternVL3.5-2B-HF,InternVL3.5-4B-HF,23,0.75,0.25,30,30,29,4,29,4,0.13793103448275862,0.01757832244038582,0.015817342326045036,0.0355890728533268,0.032052259892225266,25.883657455444336,25.70859146118164,0.016745686531066895,0.009501555003225803,-0.0028715014923363924,0.006630053278058767,0.006117343902587891,-0.01491737924516201,-0.00828732643276453,0.006630053278058767,0.006630053278058767,0.9477026462554932,0.8925706957395585,,,,42.721194003017445,6.513671875
single_proxy,single_proxy__InternVL3.5-2B-HF__to__InternVL3.5-4B-HF__l23__p0.75-0.25,T07,7,8,volcano,rocking chair,InternVL3.5-2B-HF,InternVL3.5-4B-HF,23,0.75,0.25,30,30,30,18,30,18,0.6,0.024615293368697166,0.0194703321903944,0.04965941607952118,0.039382047951221466,25.798168182373047,24.553497314453125,0.03867542743682861,0.03451953083276749,0.011237945407629013,0.0457574799656868,0.043821901082992554,-0.0372035913169384,0.008553883992135525,0.0457574799656868,0.0457574799656868,0.974137544631958,0.9261488980194571,,,,42.68789131500671,6.513671875
single_proxy,single_proxy__InternVL3.5-2B-HF__to__InternVL3.5-4B-HF__l23__p0.75-0.25,T09,9,10,soccer ball,school bus,InternVL3.5-2B-HF,InternVL3.5-4B-HF,23,0.75,0.25,30,30,30,0,30,0,0.0,0.020641259849071503,0.013044964522123337,0.041725561022758484,0.026471422985196114,26.198646545410156,25.632814407348633,0.015559911727905273,0.010167649947106838,-0.0015223006485030055,0.008645350113511086,0.00871586799621582,-0.01361780147999525,-0.0049724518321454525,0.008645350113511086,0.008645350113511086,0.9472202062606812,0.8764245652236676,,,,42.4766295110021,6.513671875
single_proxy,single_proxy__Gemma_4_E2B-it__to__Gemma_4_26B-A4B-it__l15__p0.75-0.25,T01,1,2,goldfish,monarch butterfly,Gemma 4 E2B-it,Gemma 4 26B-A4B-it,15,0.75,0.25,30,30,30,2,30,2,0.06666666666666667,0.00678257504478097,0.0056675150990486145,0.013806601986289024,0.01154336053878069,26.049488067626953,25.16468048095703,0.013345718383789062,0.0021358609665185213,0.004830896854400635,0.006966757588088512,0.006829947233200073,-0.012639150954782963,-0.00567239336669445,0.006966757588088512,0.006966757588088512,0.9571262001991272,0.9026865443320575,,,,363.3374554289985,12.775390625
single_proxy,single_proxy__Gemma_4_E2B-it__to__Gemma_4_26B-A4B-it__l15__p0.75-0.25,T03,3,4,pineapple,acoustic guitar,Gemma 4 E2B-it,Gemma 4 26B-A4B-it,15,0.75,0.25,30,30,30,0,30,0,0.0,0.011478707194328308,0.008564331568777561,0.023311251774430275,0.017418188974261284,15.620985984802246,22.779808044433594,0.025020062923431396,0.0078023928217589855,0.002070005750283599,0.00987239833921194,0.006544232368469238,-0.01918679289519787,-0.009314393624663353,0.00987239833921194,0.00987239833921194,0.9322985410690308,0.8886508062939197,,,,365.64397985101095,12.775390625
single_proxy,single_proxy__Gemma_4_E2B-it__to__Gemma_4_26B-A4B-it__l15__p0.75-0.25,T05,5,6,laptop,espresso,Gemma 4 E2B-it,Gemma 4 26B-A4B-it,15,0.75,0.25,30,30,30,1,30,1,0.03333333333333333,0.009013031609356403,0.008393824100494385,0.018326686695218086,0.01707316003739834,26.997440338134766,25.564733505249023,0.009382128715515137,0.004747414495795965,0.0019760450813919306,0.006723459344357252,0.007134854793548584,-0.008303698152303696,-0.0015802383422851562,0.006723459344357252,0.006723459344357252,0.9033745527267456,0.8599638076943454,,,,364.2444995019978,12.775390625
single_proxy,single_proxy__Gemma_4_E2B-it__to__Gemma_4_26B-A4B-it__l15__p0.75-0.25,T07,7,8,volcano,rocking chair,Gemma 4 E2B-it,Gemma 4 26B-A4B-it,15,0.75,0.25,30,30,30,3,30,3,0.1,0.010388877242803574,0.009616612456738949,0.021109918132424355,0.019548360258340836,28.837570190429688,26.277360916137695,0.01413869857788086,0.0029493430629372597,0.005188948009163141,0.008138290606439114,0.007339030504226685,-0.01320805586874485,-0.005069764330983162,0.008138290606439114,0.008138290606439114,0.9484579563140869,0.888266571553616,,,,367.57789201301057,12.775390625
single_proxy,single_proxy__Gemma_4_E2B-it__to__Gemma_4_26B-A4B-it__l15__p0.75-0.25,T09,9,10,soccer ball,school bus,Gemma 4 E2B-it,Gemma 4 26B-A4B-it,15,0.75,0.25,30,30,30,0,30,0,0.0,0.00995877105742693,0.00673123961314559,0.020240144804120064,0.013702884316444397,24.702110290527344,29.225927352905273,0.007393002510070801,0.003136253450065851,-0.00017382700752932578,0.002962426282465458,0.0028463900089263916,-0.006482960656285286,-0.003520534373819828,0.002962426282465458,0.002962426282465458,0.9266352653503418,0.8937779149251907,,,,361.917135945012,12.775390625
single_proxy,single_proxy__Gemma_4_E2B-it__to__Gemma_4_E4B-it__l15__p0.75-0.25,T01,1,2,goldfish,monarch butterfly,Gemma 4 E2B-it,Gemma 4 E4B-it,15,0.75,0.25,30,30,30,30,30,30,1.0,0.013740313239395618,0.011604906059801579,0.027872681617736816,0.023566236719489098,27.73090362548828,26.296092987060547,0.01898568868637085,0.0267874114215374,0.025297053158283234,0.05208446830511093,0.0518210232257843,-0.01769728772342205,0.03438717499375343,0.05208446830511093,0.05208446830511093,1.0,1.0,,,,364.2430572640078,12.775390625
single_proxy,single_proxy__Gemma_4_E2B-it__to__Gemma_4_E4B-it__l15__p0.75-0.25,T03,3,4,pineapple,acoustic guitar,Gemma 4 E2B-it,Gemma 4 E4B-it,15,0.75,0.25,30,30,30,30,30,30,1.0,0.023905666545033455,0.014722772873938084,0.04824504628777504,0.029850417748093605,18.286163330078125,25.011240005493164,0.03270423412322998,0.04633990302681923,0.03515881299972534,0.08149872720241547,0.08181378245353699,-0.029536642134189606,0.051962073892354965,0.08149872720241547,0.08149872720241547,1.0,1.0,,,,370.3536934379954,12.775390625
single_proxy,single_proxy__Gemma_4_E2B-it__to__Gemma_4_E4B-it__l15__p0.75-0.25,T05,5,6,laptop,espresso,Gemma 4 E2B-it,Gemma 4 E4B-it,15,0.75,0.25,30,30,30,30,30,30,1.0,0.012819773517549038,0.014162767678499222,0.02601718157529831,0.028723325580358505,26.098472595214844,25.805089950561523,0.01222902536392212,0.02361312322318554,0.007043474819511175,0.030656598508358,0.029999256134033203,-0.010007870383560658,0.02064872719347477,0.030656598508358,0.030656598508358,1.0,0.9999999999999998,,,,369.902014583,12.775390625
single_proxy,single_proxy__Gemma_4_E2B-it__to__Gemma_4_E4B-it__l15__p0.75-0.25,T07,7,8,volcano,rocking chair,Gemma 4 E2B-it,Gemma 4 E4B-it,15,0.75,0.25,30,30,30,30,30,30,1.0,0.019367802888154984,0.015113559551537037,0.03917695954442024,0.030637145042419434,28.29238510131836,27.540597915649414,0.02183908224105835,0.03674156591296196,0.021198127418756485,0.05793969705700874,0.05670976638793945,-0.020849129185080528,0.03709056228399277,0.05793969705700874,0.05793969705700874,1.0,0.9999999999999998,,,,371.66882502700173,12.775390625
single_proxy,single_proxy__Gemma_4_E2B-it__to__Gemma_4_E4B-it__l15__p0.75-0.25,T09,9,10,soccer ball,school bus,Gemma 4 E2B-it,Gemma 4 E4B-it,15,0.75,0.25,30,30,30,30,30,30,1.0,0.016621073707938194,0.010192938148975372,0.03366765007376671,0.020713558420538902,23.42094612121582,27.576175689697266,0.009792685508728027,0.022685179486870766,0.0023110429756343365,0.02499622292816639,0.025180280208587646,-0.00833234004676342,0.01666388288140297,0.02499622292816639,0.02499622292816639,1.0,1.0,,,,370.3429681419948,12.775390625
single_proxy,single_proxy__Qwen3.5-2B__to__Gemma_4_E4B-it__l23__p0.75-0.25,T01,1,2,goldfish,monarch butterfly,Qwen3.5-2B,Gemma 4 E4B-it,23,0.75,0.25,30,30,30,4,30,4,0.13333333333333333,0.013740313239395618,0.011604906059801579,0.027872681617736816,0.023566236719489098,27.73090362548828,26.296092987060547,0.01898568868637085,-0.0012156367301940918,0.006193625740706921,0.004977989010512829,0.004799753427505493,-0.01769728772342205,-0.012719299644231796,0.004977989010512829,0.004977989010512829,0.8509443402290344,0.7120382811920831,,,,27.506884008005727,5.4453125
single_proxy,single_proxy__Qwen3.5-2B__to__Gemma_4_E4B-it__l23__p0.75-0.25,T03,3,4,pineapple,acoustic guitar,Qwen3.5-2B,Gemma 4 E4B-it,23,0.75,0.25,30,30,29,0,29,0,0.0,0.023905666545033455,0.014722772873938084,0.04824504628777504,0.029850417748093605,18.286163330078125,25.011240005493164,0.03270423412322998,0.01312253251671791,0.001751196337863803,0.014873729087412357,0.013408005237579346,-0.029536642134189606,-0.014662913046777248,0.014873729087412357,0.014873729087412357,0.7642777562141418,0.5277742813395394,,,,25.868751794001582,5.4453125
single_proxy,single_proxy__Qwen3.5-2B__to__Gemma_4_E4B-it__l23__p0.75-0.25,T05,5,6,laptop,espresso,Qwen3.5-2B,Gemma 4 E4B-it,23,0.75,0.25,30,30,12,0,12,0,0.0,0.012819773517549038,0.014162767678499222,0.02601718157529831,0.028723325580358505,26.098472595214844,25.805089950561523,0.01222902536392212,0.0012203494552522898,0.001018140697851777,0.002238490153104067,0.0018721818923950195,-0.010007870383560658,-0.007769380230456591,0.002238490153104067,0.002238490153104067,0.7853065133094788,0.6010451529782691,,,,25.916685172000143,5.4453125
single_proxy,single_proxy__Qwen3.5-2B__to__Gemma_4_E4B-it__l23__p0.75-0.25,T07,7,8,volcano,rocking chair,Qwen3.5-2B,Gemma 4 E4B-it,23,0.75,0.25,30,30,30,1,30,1,0.03333333333333333,0.019367802888154984,0.015113559551537037,0.03917695954442024,0.030637145042419434,28.29238510131836,27.540597915649414,0.02183908224105835,0.007391863968223333,0.00444534607231617,0.01183721050620079,0.010996967554092407,-0.020849129185080528,-0.009011918678879738,0.01183721050620079,0.01183721050620079,0.8427858948707581,0.6248395483169762,,,,26.256445909999456,5.4453125
single_proxy,single_proxy__Qwen3.5-2B__to__Gemma_4_E4B-it__l23__p0.75-0.25,T09,9,10,soccer ball,school bus,Qwen3.5-2B,Gemma 4 E4B-it,23,0.75,0.25,30,30,24,0,24,0,0.0,0.016621073707938194,0.010192938148975372,0.03366765007376671,0.020713558420538902,23.42094612121582,27.576175689697266,0.009792685508728027,0.0019689977634698153,0.00036905804881826043,0.0023380557540804148,0.002095460891723633,-0.00833234004676342,-0.005994284059852362,0.0023380557540804148,0.0023380557540804148,0.8269062638282776,0.6815021936859391,,,,25.839385444000072,5.4453125
single_proxy,single_proxy__Gemma_4_E2B-it__to__InternVL3.5-4B-HF__l15__p0.75-0.25,T01,1,2,goldfish,monarch butterfly,Gemma 4 E2B-it,InternVL3.5-4B-HF,15,0.75,0.25,30,30,30,7,30,7,0.23333333333333334,0.018277516588568687,0.015552443452179432,0.03699168935418129,0.03151911497116089,23.250425338745117,23.017000198364258,0.03345024585723877,0.008891834877431393,0.005529008340090513,0.014420842751860619,0.014076977968215942,-0.03185735642910004,-0.01743651181459427,0.014420842751860619,0.014420842751860619,0.9418367147445679,0.8409391763459584,,,,349.7625422520032,12.775390625
single_proxy,single_proxy__Gemma_4_E2B-it__to__InternVL3.5-4B-HF__l15__p0.75-0.25,T03,3,4,pineapple,acoustic guitar,Gemma 4 E2B-it,InternVL3.5-4B-HF,15,0.75,0.25,30,30,30,0,30,0,0.0,0.018692610785365105,0.01706230640411377,0.03782397136092186,0.034553658217191696,19.53386878967285,20.959590911865234,0.034928858280181885,0.007388822268694639,0.005182147026062012,0.012570968829095364,0.01022520661354065,-0.03069295361638069,-0.018121983855962753,0.012570968829095364,0.012570968829095364,0.9085942506790161,0.750940208052508,,,,347.3571292909983,12.775390625
single_proxy,single_proxy__Gemma_4_E2B-it__to__InternVL3.5-4B-HF__l15__p0.75-0.25,T05,5,6,laptop,espresso,Gemma 4 E2B-it,InternVL3.5-4B-HF,15,0.75,0.25,30,30,30,0,30,0,0.0,0.01757832244038582,0.015817342326045036,0.0355890728533268,0.032052259892225266,25.883657455444336,25.70859146118164,0.016745686531066895,0.00552070327103138,-0.0017961879493668675,0.003724515438079834,0.0032770633697509766,-0.01491737924516201,-0.011192863807082176,0.003724515438079834,0.003724515438079834,0.902607798576355,0.738224495456555,,,,341.62317114500183,12.775390625
single_proxy,single_proxy__Gemma_4_E2B-it__to__InternVL3.5-4B-HF__l15__p0.75-0.25,T07,7,8,volcano,rocking chair,Gemma 4 E2B-it,InternVL3.5-4B-HF,15,0.75,0.25,30,30,30,7,30,7,0.23333333333333334,0.024615293368697166,0.0194703321903944,0.04965941607952118,0.039382047951221466,25.798168182373047,24.553497314453125,0.03867542743682861,0.02678132988512516,0.007358900737017393,0.03414022922515869,0.03388094902038574,-0.0372035913169384,-0.0030633609276264906,0.03414022922515869,0.03414022922515869,0.928453803062439,0.7981106763834439,,,,340.7564294589938,12.775390625
single_proxy,single_proxy__Gemma_4_E2B-it__to__InternVL3.5-4B-HF__l15__p0.75-0.25,T09,9,10,soccer ball,school bus,Gemma 4 E2B-it,InternVL3.5-4B-HF,15,0.75,0.25,30,30,30,1,30,1,0.03333333333333333,0.020641259849071503,0.013044964522123337,0.041725561022758484,0.026471422985196114,26.198646545410156,25.632814407348633,0.015559911727905273,0.006392315961420536,-0.00018625259690452367,0.00620606355369091,0.006022363901138306,-0.01361780147999525,-0.007411738391965628,0.00620606355369091,0.00620606355369091,0.8687722086906433,0.7181038222246017,,,,340.0643037660011,12.775390625
single_proxy,single_proxy__Qwen3.5-2B__to__Qwen3.5-9B__l23__p0.75-0.25,T01,1,2,goldfish,monarch butterfly,Qwen3.5-2B,Qwen3.5-9B,23,0.75,0.25,30,30,30,10,30,10,0.3333333333333333,1.3329088687896729e-05,7.664163604204077e-06,2.7089094146504067e-05,1.5971982065821066e-05,15.23038387298584,17.122817993164062,3.4332275390625e-05,2.5935967641999014e-05,3.6835670016444055e-06,2.9619533961522393e-05,2.8401613235473633e-05,-3.569722321117297e-05,-6.077686975913821e-06,2.9619533961522393e-05,2.9619533961522393e-05,0.9408533573150635,0.8766009203812413,,,,27.501906348014018,5.4453125
single_proxy,single_proxy__Qwen3.5-2B__to__Qwen3.5-9B__l23__p0.75-0.25,T03,3,4,pineapple,acoustic guitar,Qwen3.5-2B,Qwen3.5-9B,23,0.75,0.25,30,30,29,0,29,0,0.0,9.456028237764258e-06,9.454786777496338e-06,1.932580562424846e-05,1.9455450456007384e-05,16.800617218017578,19.949134826660156,2.199411392211914e-05,1.0007619493990205e-05,4.148483185417717e-06,1.4156103134155273e-05,1.430511474609375e-05,-2.136826515197754e-05,-7.212162017822266e-06,1.4156103134155273e-05,1.4156103134155273e-05,0.9145583510398865,0.8489998390409518,,,,26.287841769997613,5.4453125
single_proxy,single_proxy__Qwen3.5-2B__to__Qwen3.5-9B__l23__p0.75-0.25,T05,5,6,laptop,espresso,Qwen3.5-2B,Qwen3.5-9B,23,0.75,0.25,30,30,12,0,12,0,0.0,1.2309600606386084e-05,1.1055420145567041e-05,2.515307642170228e-05,2.283073445141781e-05,28.575605392456055,25.283538818359375,1.0609626770019531e-05,8.948643881012686e-06,-5.7419142649450805e-06,3.2067298434412805e-06,3.0100345611572266e-06,-1.093149148800876e-05,-7.724762326688506e-06,3.2067298434412805e-06,3.2067298434412805e-06,0.837624192237854,0.6445863072178778,,,,26.682443682992016,5.4453125
single_proxy,single_proxy__Qwen3.5-2B__to__Qwen3.5-9B__l23__p0.75-0.25,T07,7,8,volcano,rocking chair,Qwen3.5-2B,Qwen3.5-9B,23,0.75,0.25,30,30,30,9,30,9,0.3,1.5175591215665918e-05,1.634409090911504e-05,3.126102456008084e-05,3.3198826713487506e-05,24.563989639282227,21.7431640625,2.682209014892578e-05,1.8082062524626963e-05,5.662441253662109e-06,2.3744503778289072e-05,2.568960189819336e-05,-2.5363762688357383e-05,-1.6192594785024994e-06,2.3744503778289072e-05,2.3744503778289072e-05,0.9071047902107239,0.7958412166731171,,,,26.8483942719904,5.4453125
single_proxy,single_proxy__Qwen3.5-2B__to__Qwen3.5-9B__l23__p0.75-0.25,T09,9,10,soccer ball,school bus,Qwen3.5-2B,Qwen3.5-9B,23,0.75,0.25,30,30,24,1,24,1,0.041666666666666664,1.3219813808973413e-05,9.320676326751709e-06,2.679307544894982e-05,1.927163975778967e-05,23.292987823486328,25.01581382751465,1.3113021850585938e-05,8.77380352903856e-06,-3.5603841297415784e-06,5.213419626670657e-06,4.470348358154297e-06,-1.2004375093965791e-05,-6.790955922042485e-06,5.213419626670657e-06,5.213419626670657e-06,0.8854109048843384,0.7975380583077056,,,,26.508672592004586,5.4453125
single_proxy,single_proxy__InternVL3.5-2B-HF__to__Qwen3.5-4B__l23__p0.75-0.25,T01,1,2,goldfish,monarch butterfly,InternVL3.5-2B-HF,Qwen3.5-4B,23,0.75,0.25,30,30,30,1,30,1,0.03333333333333333,4.672507566283457e-05,2.2569050997844897e-05,9.604614024283364e-05,4.605956928571686e-05,17.188682556152344,23.382614135742188,0.00010275840759277344,6.0900052631041035e-05,-1.104275361285545e-05,4.9857299018185586e-05,4.5299530029296875e-05,-0.00011654496483970433,-6.668766582151875e-05,4.9857299018185586e-05,4.9857299018185586e-05,0.9007353186607361,0.8068765031340197,,,,44.432021805998374,6.513671875
single_proxy,single_proxy__InternVL3.5-2B-HF__to__Qwen3.5-4B__l23__p0.75-0.25,T03,3,4,pineapple,acoustic guitar,InternVL3.5-2B-HF,Qwen3.5-4B,23,0.75,0.25,30,30,30,0,30,0,0.0,2.913301250373479e-05,4.215041917632334e-05,5.947613681200892e-05,8.597789565101266e-05,19.486711502075195,13.680599212646484,8.314847946166992e-05,-2.195437673435663e-06,9.357929229736328e-06,7.16249132892699e-06,6.407499313354492e-06,-7.618268136866391e-05,-6.902019231347367e-05,7.16249132892699e-06,7.16249132892699e-06,0.9254664182662964,0.8527184915490558,,,,42.85233980799967,6.513671875
single_proxy,single_proxy__InternVL3.5-2B-HF__to__Qwen3.5-4B__l23__p0.75-0.25,T05,5,6,laptop,espresso,InternVL3.5-2B-HF,Qwen3.5-4B,23,0.75,0.25,30,30,30,0,30,0,0.0,4.718080163002014e-05,4.321460801293142e-05,9.642472286941484e-05,8.805088873486966e-05,28.272096633911133,24.968734741210938,4.410743713378906e-05,8.20159948489163e-06,-6.558497716468992e-06,1.6431014273621258e-06,1.7881393432617188e-07,-4.0072201954899356e-05,-3.842910155071877e-05,1.6431014273621258e-06,1.6431014273621258e-06,0.8917120695114136,0.7328102200688649,,,,43.62290377300087,6.513671875
single_proxy,single_proxy__InternVL3.5-2B-HF__to__Qwen3.5-4B__l23__p0.75-0.25,T07,7,8,volcano,rocking chair,InternVL3.5-2B-HF,Qwen3.5-4B,23,0.75,0.25,30,30,30,0,30,0,0.0,6.774440407752991e-05,5.7614099205238745e-05,0.00013820648018736392,0.00011816418555099517,23.550779342651367,19.432998657226562,9.78708267211914e-05,6.169478001538664e-05,5.535284799407236e-06,6.723006663378328e-05,6.201863288879395e-05,-9.169777331408113e-05,-2.446770668029785e-05,6.723006663378328e-05,6.723006663378328e-05,0.8988475203514099,0.7617233282285629,,,,43.518338064001,6.513671875
single_proxy,single_proxy__InternVL3.5-2B-HF__to__Qwen3.5-4B__l23__p0.75-0.25,T09,9,10,soccer ball,school bus,InternVL3.5-2B-HF,Qwen3.5-4B,23,0.75,0.25,30,30,30,0,30,0,0.0,5.9424590290291235e-05,4.258875924278982e-05,0.00012155148579040542,8.739273471292108e-05,21.65464210510254,25.28047752380371,5.46574592590332e-05,9.532769581710454e-06,-5.686283202521736e-06,3.846486379188718e-06,2.1457672119140625e-06,-5.1079194236081094e-05,-4.7232708311639726e-05,3.846486379188718e-06,3.846486379188718e-06,0.8831189870834351,0.7411675301760164,,,,43.32087688599859,6.513671875
single_proxy,single_proxy__Qwen3.5-2B__to__Qwen3.5-4B__l23__p0.75-0.25,T01,1,2,goldfish,monarch butterfly,Qwen3.5-2B,Qwen3.5-4B,23,0.75,0.25,30,30,30,29,30,29,0.9666666666666667,4.672507566283457e-05,2.2569050997844897e-05,9.604614024283364e-05,4.605956928571686e-05,17.188682556152344,23.382614135742188,0.00010275840759277344,0.00013673902139998972,6.0017904615961015e-05,0.00019675692601595074,0.0001951754093170166,-0.00011654496483970433,8.021195390028879e-05,0.00019675692601595074,0.00019675692601595074,0.9572506546974182,0.919183994272392,,,,26.801482091999787,5.4453125
single_proxy,single_proxy__Qwen3.5-2B__to__Qwen3.5-4B__l23__p0.75-0.25,T03,3,4,pineapple,acoustic guitar,Qwen3.5-2B,Qwen3.5-4B,23,0.75,0.25,30,30,29,17,29,17,0.5862068965517241,2.913301250373479e-05,4.215041917632334e-05,5.947613681200892e-05,8.597789565101266e-05,19.486711502075195,13.680599212646484,8.314847946166992e-05,3.1336148822447285e-05,4.155039641773328e-05,7.288654887815937e-05,7.197260856628418e-05,-7.618268136866391e-05,-3.2961368106043665e-06,7.288654887815937e-05,7.288654887815937e-05,0.9611946940422058,0.9094387122705928,,,,26.451263491995633,5.4453125
single_proxy,single_proxy__Qwen3.5-2B__to__Qwen3.5-4B__l23__p0.75-0.25,T05,5,6,laptop,espresso,Qwen3.5-2B,Qwen3.5-4B,23,0.75,0.25,30,30,12,6,12,6,0.5,4.718080163002014e-05,4.321460801293142e-05,9.642472286941484e-05,8.805088873486966e-05,28.272096633911133,24.968734741210938,4.410743713378906e-05,4.7687688493169844e-05,-2.1624564396915957e-05,2.6063124096253887e-05,2.4974346160888672e-05,-4.0072201954899356e-05,-1.400907876814017e-05,2.6063124096253887e-05,2.6063124096253887e-05,0.9238079786300659,0.8302092751133474,,,,25.305005075992085,5.4453125
single_proxy,single_proxy__Qwen3.5-2B__to__Qwen3.5-4B__l23__p0.75-0.25,T07,7,8,volcano,rocking chair,Qwen3.5-2B,Qwen3.5-4B,23,0.75,0.25,30,30,30,30,30,30,1.0,6.774440407752991e-05,5.7614099205238745e-05,0.00013820648018736392,0.00011816418555099517,23.550779342651367,19.432998657226562,9.78708267211914e-05,0.00011124809680040926,4.523793904809281e-05,0.00015648602857254446,0.00015348196029663086,-9.169777331408113e-05,6.478826253442094e-05,0.00015648602857254446,0.00015648602857254446,0.9635360836982727,0.895682610392392,,,,25.61279987699527,5.4453125
single_proxy,single_proxy__Qwen3.5-2B__to__Qwen3.5-4B__l23__p0.75-0.25,T09,9,10,soccer ball,school bus,Qwen3.5-2B,Qwen3.5-4B,23,0.75,0.25,30,30,24,10,24,10,0.4166666666666667,5.9424590290291235e-05,4.258875924278982e-05,0.00012155148579040542,8.739273471292108e-05,21.65464210510254,25.28047752380371,5.46574592590332e-05,3.96788127545733e-05,-3.125270268355962e-06,3.655354157672264e-05,3.692507743835449e-05,-5.1079194236081094e-05,-1.4525651749863755e-05,3.655354157672264e-05,3.655354157672264e-05,0.9427202939987183,0.8640513607699123,,,,25.211994886005414,5.4453125
single_proxy,single_proxy__InternVL3.5-2B-HF__to__InternVL3.5-8B-HF__l23__p0.75-0.25,T01,1,2,goldfish,monarch butterfly,InternVL3.5-2B-HF,InternVL3.5-8B-HF,23,0.75,0.25,30,30,30,18,30,18,0.6,0.019903458654880524,0.015404585748910904,0.04024935141205788,0.03122246451675892,24.13962173461914,23.98089599609375,0.03508269786834717,0.01959637925028801,0.009216143749654293,0.028812523931264877,0.028829753398895264,-0.032727088779211044,-0.003914566710591316,0.028812523931264877,0.028812523931264877,0.9679558873176575,0.9327099421440115,,,,45.752832931997546,6.513671875
single_proxy,single_proxy__InternVL3.5-2B-HF__to__InternVL3.5-8B-HF__l23__p0.75-0.25,T03,3,4,pineapple,acoustic guitar,InternVL3.5-2B-HF,InternVL3.5-8B-HF,23,0.75,0.25,30,30,30,1,30,1,0.03333333333333333,0.01953318901360035,0.023341679945588112,0.03950817883014679,0.047119952738285065,20.52910614013672,19.632478713989258,0.042083561420440674,0.012389181181788445,0.005264379549771547,0.017653560265898705,0.015269100666046143,-0.038581106811761856,-0.020927542820572853,0.017653560265898705,0.017653560265898705,0.9790648818016052,0.9532871806750695,,,,45.3697068199981,6.513671875
single_proxy,single_proxy__InternVL3.5-2B-HF__to__InternVL3.5-8B-HF__l23__p0.75-0.25,T05,5,6,laptop,espresso,InternVL3.5-2B-HF,InternVL3.5-8B-HF,23,0.75,0.25,30,30,29,0,29,0,0.0,0.02053987979888916,0.018292734399437904,0.04152269661426544,0.037022363394498825,26.9877986907959,26.15935516357422,0.019495725631713867,0.009163117036223412,-0.002195640467107296,0.006967477034777403,0.006857693195343018,-0.01667274348437786,-0.009705266915261745,0.006967477034777403,0.006967477034777403,0.9495866894721985,0.9061634809251022,,,,45.036302705004346,6.513671875
single_proxy,single_proxy__InternVL3.5-2B-HF__to__InternVL3.5-8B-HF__l23__p0.75-0.25,T07,7,8,volcano,rocking chair,InternVL3.5-2B-HF,InternVL3.5-8B-HF,23,0.75,0.25,30,30,30,12,30,12,0.4,0.02712102234363556,0.021996868774294853,0.0546448677778244,0.04443572461605072,25.8299503326416,25.830265045166016,0.03790408372879028,0.03023746982216835,0.009152473881840706,0.039389945566654205,0.034925878047943115,-0.03567210212349892,0.0037178457714617252,0.039389945566654205,0.039389945566654205,0.9691879749298096,0.912080013164289,,,,44.951911367999855,6.513671875
single_proxy,single_proxy__InternVL3.5-2B-HF__to__InternVL3.5-8B-HF__l23__p0.75-0.25,T09,9,10,soccer ball,school bus,InternVL3.5-2B-HF,InternVL3.5-8B-HF,23,0.75,0.25,30,30,30,0,30,0,0.0,0.028057223185896873,0.014637214131653309,0.0565045028924942,0.029678504914045334,25.67830467224121,26.757408142089844,0.019000232219696045,0.012872511520981789,-0.002459821989759803,0.010412689298391342,0.009106934070587158,-0.015634920448064804,-0.005222231149673462,0.010412689298391342,0.010412689298391342,0.9484160542488098,0.8717490832323199,,,,44.55405222599802,6.513671875
single_proxy,single_proxy__Qwen3.5-2B__to__InternVL3.5-4B-HF__l23__p0.75-0.25,T01,1,2,goldfish,monarch butterfly,Qwen3.5-2B,InternVL3.5-4B-HF,23,0.75,0.25,30,30,30,10,30,10,0.3333333333333333,0.018277516588568687,0.015552443452179432,0.03699168935418129,0.03151911497116089,23.250425338745117,23.017000198364258,0.03345024585723877,0.0047994316555559635,0.009737596847116947,0.014537028037011623,0.014784097671508789,-0.03185735642910004,-0.01732032746076584,0.014537028037011623,0.014537028037011623,0.8760660290718079,0.7532517662009103,,,,27.392515012998047,5.4453125
single_proxy,single_proxy__Qwen3.5-2B__to__InternVL3.5-4B-HF__l23__p0.75-0.25,T03,3,4,pineapple,acoustic guitar,Qwen3.5-2B,InternVL3.5-4B-HF,23,0.75,0.25,30,30,29,0,29,0,0.0,0.018692610785365105,0.01706230640411377,0.03782397136092186,0.034553658217191696,19.53386878967285,20.959590911865234,0.034928858280181885,0.0033070265781134367,0.0036982574965804815,0.007005284074693918,0.0056584179401397705,-0.03069295361638069,-0.02368766814470291,0.007005284074693918,0.007005284074693918,0.8807937502861023,0.7965858369976894,,,,26.4582762239952,5.4453125
single_proxy,single_proxy__Qwen3.5-2B__to__InternVL3.5-4B-HF__l23__p0.75-0.25,T05,5,6,laptop,espresso,Qwen3.5-2B,InternVL3.5-4B-HF,23,0.75,0.25,30,30,12,0,12,0,0.0,0.01757832244038582,0.015817342326045036,0.0355890728533268,0.032052259892225266,25.883657455444336,25.70859146118164,0.016745686531066895,0.0032246133778244257,-0.0014505585422739387,0.0017740547191351652,0.0019184648990631104,-0.01491737924516201,-0.013143325224518776,0.0017740547191351652,0.0017740547191351652,0.8259283304214478,0.6303236516918393,,,,27.447582523003803,5.4453125
single_proxy,single_proxy__Qwen3.5-2B__to__InternVL3.5-4B-HF__l23__p0.75-0.25,T07,7,8,volcano,rocking chair,Qwen3.5-2B,InternVL3.5-4B-HF,23,0.75,0.25,30,30,30,3,30,3,0.1,0.024615293368697166,0.0194703321903944,0.04965941607952118,0.039382047951221466,25.798168182373047,24.553497314453125,0.03867542743682861,0.019718289375305176,0.008498018607497215,0.02821630798280239,0.029287070035934448,-0.0372035913169384,-0.00898728333413601,0.02821630798280239,0.02821630798280239,0.8639575242996216,0.7222413740967455,,,,27.98579755099854,5.4453125
single_proxy,single_proxy__Qwen3.5-2B__to__InternVL3.5-4B-HF__l23__p0.75-0.25,T09,9,10,soccer ball,school bus,Qwen3.5-2B,InternVL3.5-4B-HF,23,0.75,0.25,30,30,25,0,25,0,0.0,0.020641259849071503,0.013044964522123337,0.041725561022758484,0.026471422985196114,26.198646545410156,25.632814407348633,0.015559911727905273,0.003965944051742554,-0.0001870612322818488,0.0037788827903568745,0.0033662617206573486,-0.01361780147999525,-0.009838919155299664,0.0037788827903568745,0.0037788827903568745,0.8293028473854065,0.7120069379126106,,,,27.614671142997395,5.4453125
single_proxy,single_proxy__Gemma_4_E2B-it__to__Qwen3.5-4B__l15__p0.75-0.25,T01,1,2,goldfish,monarch butterfly,Gemma 4 E2B-it,Qwen3.5-4B,15,0.75,0.25,30,30,30,0,30,0,0.0,4.672507566283457e-05,2.2569050997844897e-05,9.604614024283364e-05,4.605956928571686e-05,17.188682556152344,23.382614135742188,0.00010275840759277344,6.5519408963155e-05,-9.634097295929678e-06,5.588531348621473e-05,4.595518112182617e-05,-0.00011654496483970433,-6.06596477155108e-05,5.588531348621473e-05,5.588531348621473e-05,0.8674367666244507,0.7460722647620969,,,,349.37013610099893,12.775390625
single_proxy,single_proxy__Gemma_4_E2B-it__to__Qwen3.5-4B__l15__p0.75-0.25,T03,3,4,pineapple,acoustic guitar,Gemma 4 E2B-it,Qwen3.5-4B,15,0.75,0.25,30,30,30,0,30,0,0.0,2.913301250373479e-05,4.215041917632334e-05,5.947613681200892e-05,8.597789565101266e-05,19.486711502075195,13.680599212646484,8.314847946166992e-05,2.2153060399432434e-06,1.1454026207502466e-05,1.3669331565324683e-05,1.2367963790893555e-05,-7.618268136866391e-05,-6.251335435081273e-05,1.3669331565324683e-05,1.3669331565324683e-05,0.7956522703170776,0.5024936072839901,,,,348.18106424000143,12.775390625
single_proxy,single_proxy__Gemma_4_E2B-it__to__Qwen3.5-4B__l15__p0.75-0.25,T05,5,6,laptop,espresso,Gemma 4 E2B-it,Qwen3.5-4B,15,0.75,0.25,30,30,30,0,30,0,0.0,4.718080163002014e-05,4.321460801293142e-05,9.642472286941484e-05,8.805088873486966e-05,28.272096633911133,24.968734741210938,4.410743713378906e-05,8.716186130186543e-06,-4.881620498053962e-06,3.8345656321325805e-06,1.9073486328125e-06,-4.0072201954899356e-05,-3.623763768700883e-05,3.8345656321325805e-06,3.8345656321325805e-06,0.8433841466903687,0.6087014194376508,,,,345.41693047899753,12.775390625
single_proxy,single_proxy__Gemma_4_E2B-it__to__Qwen3.5-4B__l15__p0.75-0.25,T07,7,8,volcano,rocking chair,Gemma 4 E2B-it,Qwen3.5-4B,15,0.75,0.25,30,30,30,4,30,4,0.13333333333333333,6.774440407752991e-05,5.7614099205238745e-05,0.00013820648018736392,0.00011816418555099517,23.550779342651367,19.432998657226562,9.78708267211914e-05,6.53505339869298e-05,1.8765529603115283e-05,8.411605813307688e-05,7.742643356323242e-05,-9.169777331408113e-05,-7.581710633530747e-06,8.411605813307688e-05,8.411605813307688e-05,0.8667718172073364,0.6194269359076255,,,,343.54584548599814,12.775390625
single_proxy,single_proxy__Gemma_4_E2B-it__to__Qwen3.5-4B__l15__p0.75-0.25,T09,9,10,soccer ball,school bus,Gemma 4 E2B-it,Qwen3.5-4B,15,0.75,0.25,30,30,30,0,30,0,0.0,5.9424590290291235e-05,4.258875924278982e-05,0.00012155148579040542,8.739273471292108e-05,21.65464210510254,25.28047752380371,5.46574592590332e-05,9.68178119364893e-06,-3.3716360121616162e-06,6.310145181487314e-06,5.155801773071289e-06,-5.1079194236081094e-05,-4.4769047235604376e-05,6.310145181487314e-06,6.310145181487314e-06,0.8193196058273315,0.5438602368238711,,,,336.82055553399914,12.775390625
layer_sweep,layer_sweep__Gemma_4_E2B-it__to__Gemma_4_E4B-it__l0__p0.75-0.25,T01,1,2,goldfish,monarch butterfly,Gemma 4 E2B-it,Gemma 4 E4B-it,0,0.75,0.25,30,30,0,0,0,0,,0.013740313239395618,0.011604906059801579,0.027872681617736816,0.023566236719489098,27.73090362548828,26.296092987060547,0.01898568868637085,-0.001134296297095716,0.0019050498958677053,0.0007707535987719893,0.0006238222122192383,-0.01769728772342205,-0.016926534473896027,0.0007707535987719893,0.0007707535987719893,0.1736457347869873,0.23490790070349415,,,,213.54945661300007,12.775390625
layer_sweep,layer_sweep__Gemma_4_E2B-it__to__Gemma_4_E4B-it__l0__p0.75-0.25,T03,3,4,pineapple,acoustic guitar,Gemma 4 E2B-it,Gemma 4 E4B-it,0,0.75,0.25,30,30,0,0,0,0,,0.023905666545033455,0.014722772873938084,0.04824504628777504,0.029850417748093605,18.286163330078125,25.011240005493164,0.03270423412322998,0.0077272136695683,-0.0014284213539212942,0.00629879254847765,0.0045430660247802734,-0.029536642134189606,-0.02323785051703453,0.00629879254847765,0.00629879254847765,0.16747531294822693,0.08457524118631007,,,,218.1344475760052,12.775390625
layer_sweep,layer_sweep__Gemma_4_E2B-it__to__Gemma_4_E4B-it__l0__p0.75-0.25,T05,5,6,laptop,espresso,Gemma 4 E2B-it,Gemma 4 E4B-it,0,0.75,0.25,30,30,0,0,0,0,,0.012819773517549038,0.014162767678499222,0.02601718157529831,0.028723325580358505,26.098472595214844,25.805089950561523,0.01222902536392212,0.0020213881507515907,-0.0011517186649143696,0.0008696695440448821,0.0007410645484924316,-0.010007870383560658,-0.009138200432062149,0.0008696695440448821,0.0008696695440448821,0.19166764616966248,0.28512577598361083,,,,218.49744422400545,12.775390625
layer_sweep,layer_sweep__Gemma_4_E2B-it__to__Gemma_4_E4B-it__l0__p0.75-0.25,T07,7,8,volcano,rocking chair,Gemma 4 E2B-it,Gemma 4 E4B-it,0,0.75,0.25,30,30,0,0,0,0,,0.019367802888154984,0.015113559551537037,0.03917695954442024,0.030637145042419434,28.29238510131836,27.540597915649414,0.02183908224105835,0.003605916164815426,0.0006162762874737382,0.004222192335873842,0.003928244113922119,-0.020849129185080528,-0.016626935452222824,0.004222192335873842,0.004222192335873842,0.2085106372833252,0.12530982632109008,,,,218.80244679100724,12.775390625
layer_sweep,layer_sweep__Gemma_4_E2B-it__to__Gemma_4_E4B-it__l0__p0.75-0.25,T09,9,10,soccer ball,school bus,Gemma 4 E2B-it,Gemma 4 E4B-it,0,0.75,0.25,30,30,0,0,0,0,,0.016621073707938194,0.010192938148975372,0.03366765007376671,0.020713558420538902,23.42094612121582,27.576175689697266,0.009792685508728027,0.001215767813846469,-0.0006960491300560534,0.0005197187419980764,0.0005385875701904297,-0.00833234004676342,-0.0078126210719347,0.0005197187419980764,0.0005197187419980764,0.21694041788578033,0.3358645377798367,,,,219.0576443760001,12.775390625
layer_sweep,layer_sweep__Qwen3.5-2B__to__Gemma_4_E4B-it__l23__p0.75-0.25,T01,1,2,goldfish,monarch butterfly,Qwen3.5-2B,Gemma 4 E4B-it,23,0.75,0.25,30,30,30,4,30,4,0.13333333333333333,0.013740313239395618,0.011604906059801579,0.027872681617736816,0.023566236719489098,27.73090362548828,26.296092987060547,0.01898568868637085,-0.0011872629402205348,0.006161178927868605,0.004973916336894035,0.004799753427505493,-0.01769728772342205,-0.01272337231785059,0.004973916336894035,0.004973916336894035,0.8509443402290344,0.7120382811920831,,,,26.672720963993925,5.4453125
layer_sweep,layer_sweep__Qwen3.5-2B__to__Gemma_4_E4B-it__l23__p0.75-0.25,T03,3,4,pineapple,acoustic guitar,Qwen3.5-2B,Gemma 4 E4B-it,23,0.75,0.25,30,30,29,0,29,0,0.0,0.023905666545033455,0.014722772873938084,0.04824504628777504,0.029850417748093605,18.286163330078125,25.011240005493164,0.03270423412322998,0.013083312660455704,0.0017134110676124692,0.014796723611652851,0.013408005237579346,-0.029536642134189606,-0.014739918522536755,0.014796723611652851,0.014796723611652851,0.7642777562141418,0.5277742813395394,,,,25.405128434998915,5.4453125
layer_sweep,layer_sweep__Qwen3.5-2B__to__Gemma_4_E4B-it__l23__p0.75-0.25,T05,5,6,laptop,espresso,Qwen3.5-2B,Gemma 4 E4B-it,23,0.75,0.25,30,30,12,0,12,0,0.0,0.012819773517549038,0.014162767678499222,0.02601718157529831,0.028723325580358505,26.098472595214844,25.805089950561523,0.01222902536392212,0.0012142439372837543,0.0010185500141233206,0.002232793951407075,0.0018721818923950195,-0.010007870383560658,-0.007775076199322939,0.002232793951407075,0.002232793951407075,0.7853065133094788,0.6010451529782691,,,,25.982510495996394,5.4453125
layer_sweep,layer_sweep__Qwen3.5-2B__to__Gemma_4_E4B-it__l23__p0.75-0.25,T07,7,8,volcano,rocking chair,Qwen3.5-2B,Gemma 4 E4B-it,23,0.75,0.25,30,30,30,1,30,1,0.03333333333333333,0.019367802888154984,0.015113559551537037,0.03917695954442024,0.030637145042419434,28.29238510131836,27.540597915649414,0.02183908224105835,0.00750298285856843,0.004419213626533747,0.011922196485102177,0.010996967554092407,-0.020849129185080528,-0.008926931768655777,0.011922196485102177,0.011922196485102177,0.8427858948707581,0.6248395483169762,,,,26.25972641700355,5.4453125
layer_sweep,layer_sweep__Qwen3.5-2B__to__Gemma_4_E4B-it__l23__p0.75-0.25,T09,9,10,soccer ball,school bus,Qwen3.5-2B,Gemma 4 E4B-it,23,0.75,0.25,30,30,24,0,24,0,0.0,0.016621073707938194,0.010192938148975372,0.03366765007376671,0.020713558420538902,23.42094612121582,27.576175689697266,0.009792685508728027,0.0019543985836207867,0.0003707885625772178,0.0023251872044056654,0.002095460891723633,-0.00833234004676342,-0.006007152609527111,0.0023251872044056654,0.0023251872044056654,0.8269062638282776,0.6815021936859391,,,,25.97534804899624,5.4453125
layer_sweep,layer_sweep__InternVL3.5-2B-HF__to__Qwen3.5-4B__l17__p0.75-0.25,T01,1,2,goldfish,monarch butterfly,InternVL3.5-2B-HF,Qwen3.5-4B,17,0.75,0.25,30,30,30,0,30,0,0.0,4.672507566283457e-05,2.2569050997844897e-05,9.604614024283364e-05,4.605956928571686e-05,17.188682556152344,23.382614135742188,0.00010275840759277344,6.151000707177445e-05,-1.1100371921202168e-05,5.0409635150572285e-05,4.598498344421387e-05,-0.00011654496483970433,-6.613532605115324e-05,5.0409635150572285e-05,5.0409635150572285e-05,0.8708397746086121,0.7525089835565927,,,,40.82176572100434,6.494140625
layer_sweep,layer_sweep__InternVL3.5-2B-HF__to__Qwen3.5-4B__l17__p0.75-0.25,T03,3,4,pineapple,acoustic guitar,InternVL3.5-2B-HF,Qwen3.5-4B,17,0.75,0.25,30,30,30,0,30,0,0.0,2.913301250373479e-05,4.215041917632334e-05,5.947613681200892e-05,8.597789565101266e-05,19.486711502075195,13.680599212646484,8.314847946166992e-05,-2.487500523784547e-06,1.0269880476698745e-05,7.782379725540522e-06,6.198883056640625e-06,-7.618268136866391e-05,-6.840030255261809e-05,7.782379725540522e-06,7.782379725540522e-06,0.8972452282905579,0.780023311470916,,,,38.93944510999427,6.494140625
layer_sweep,layer_sweep__InternVL3.5-2B-HF__to__Qwen3.5-4B__l17__p0.75-0.25,T05,5,6,laptop,espresso,InternVL3.5-2B-HF,Qwen3.5-4B,17,0.75,0.25,30,30,29,0,29,0,0.0,4.718080163002014e-05,4.321460801293142e-05,9.642472286941484e-05,8.805088873486966e-05,28.272096633911133,24.968734741210938,4.410743713378906e-05,8.163849088305142e-06,-6.4810114963620435e-06,1.6828378193167737e-06,6.854534149169922e-07,-4.0072201954899356e-05,-3.838936390820891e-05,1.6828378193167737e-06,1.6828378193167737e-06,0.8977063894271851,0.7393359100699366,,,,39.49388093799644,6.494140625
layer_sweep,layer_sweep__InternVL3.5-2B-HF__to__Qwen3.5-4B__l17__p0.75-0.25,T07,7,8,volcano,rocking chair,InternVL3.5-2B-HF,Qwen3.5-4B,17,0.75,0.25,30,30,30,2,30,2,0.06666666666666667,6.774440407752991e-05,5.7614099205238745e-05,0.00013820648018736392,0.00011816418555099517,23.550779342651367,19.432998657226562,9.78708267211914e-05,5.8225788961863145e-05,8.074442121142056e-06,6.630023563047871e-05,5.5402517318725586e-05,-9.169777331408113e-05,-2.5397539502591826e-05,6.630023563047871e-05,6.630023563047871e-05,0.9088118672370911,0.7700049210094776,,,,39.37741937300598,6.494140625
layer_sweep,layer_sweep__InternVL3.5-2B-HF__to__Qwen3.5-4B__l17__p0.75-0.25,T09,9,10,soccer ball,school bus,InternVL3.5-2B-HF,Qwen3.5-4B,17,0.75,0.25,30,30,30,0,30,0,0.0,5.9424590290291235e-05,4.258875924278982e-05,0.00012155148579040542,8.739273471292108e-05,21.65464210510254,25.28047752380371,5.46574592590332e-05,6.949901489861077e-06,-2.9424825243040686e-06,4.007418738183333e-06,2.86102294921875e-06,-5.1079194236081094e-05,-4.707177504315041e-05,4.007418738183333e-06,4.007418738183333e-06,0.8883188366889954,0.6866266292785389,,,,39.07634244101064,6.494140625
layer_sweep,layer_sweep__Gemma_4_E2B-it__to__InternVL3.5-8B-HF__l11__p0.75-0.25,T01,1,2,goldfish,monarch butterfly,Gemma 4 E2B-it,InternVL3.5-8B-HF,11,0.75,0.25,30,30,17,1,17,1,0.058823529411764705,0.019903458654880524,0.015404585748910904,0.04024935141205788,0.03122246451675892,24.13962173461914,23.98089599609375,0.03508269786834717,0.011363345198333263,0.0026799559127539396,0.014043301343917847,0.013545900583267212,-0.032727088779211044,-0.018683789297938347,0.014043301343917847,0.014043301343917847,0.6911462545394897,0.6647097078868411,,,,298.27258634099417,12.775390625
layer_sweep,layer_sweep__Gemma_4_E2B-it__to__InternVL3.5-8B-HF__l11__p0.75-0.25,T03,3,4,pineapple,acoustic guitar,Gemma 4 E2B-it,InternVL3.5-8B-HF,11,0.75,0.25,30,30,11,0,11,0,0.0,0.01953318901360035,0.023341679945588112,0.03950817883014679,0.047119952738285065,20.52910614013672,19.632478713989258,0.042083561420440674,0.005563626531511545,0.0049536703154444695,0.010517297312617302,0.009349405765533447,-0.038581106811761856,-0.028063805773854256,0.010517297312617302,0.010517297312617302,0.8262580633163452,0.7365403698937181,,,,296.45246628599125,12.775390625
layer_sweep,layer_sweep__Gemma_4_E2B-it__to__InternVL3.5-8B-HF__l11__p0.75-0.25,T05,5,6,laptop,espresso,Gemma 4 E2B-it,InternVL3.5-8B-HF,11,0.75,0.25,30,30,22,0,22,0,0.0,0.02053987979888916,0.018292734399437904,0.04152269661426544,0.037022363394498825,26.9877986907959,26.15935516357422,0.019495725631713867,0.004390780348330736,0.0023696303833276033,0.006760410498827696,0.005893915891647339,-0.01667274348437786,-0.009912333451211452,0.006760410498827696,0.006760410498827696,0.7455505728721619,0.6531770189576944,,,,299.5524737570013,12.775390625
layer_sweep,layer_sweep__Gemma_4_E2B-it__to__InternVL3.5-8B-HF__l11__p0.75-0.25,T07,7,8,volcano,rocking chair,Gemma 4 E2B-it,InternVL3.5-8B-HF,11,0.75,0.25,30,30,30,13,30,13,0.43333333333333335,0.02712102234363556,0.021996868774294853,0.0546448677778244,0.04443572461605072,25.8299503326416,25.830265045166016,0.03790408372879028,0.03448714688420296,0.012610798701643944,0.04709793999791145,0.04401129484176636,-0.03567210212349892,0.011425849050283432,0.04709793999791145,0.04709793999791145,0.7811850905418396,0.6566092176500848,,,,299.47111055799905,12.775390625
layer_sweep,layer_sweep__Gemma_4_E2B-it__to__InternVL3.5-8B-HF__l11__p0.75-0.25,T09,9,10,soccer ball,school bus,Gemma 4 E2B-it,InternVL3.5-8B-HF,11,0.75,0.25,30,30,25,3,25,3,0.12,0.028057223185896873,0.014637214131653309,0.0565045028924942,0.029678504914045334,25.67830467224121,26.757408142089844,0.019000232219696045,0.012273577973246574,0.0008857746724970639,0.013159352354705334,0.012494713068008423,-0.015634920448064804,-0.002475567627698183,0.013159352354705334,0.013159352354705334,0.7476949691772461,0.730546859484267,,,,303.17823436999606,12.775390625
layer_sweep,layer_sweep__Qwen3.5-2B__to__Qwen3.5-4B__l23__p0.75-0.25,T01,1,2,goldfish,monarch butterfly,Qwen3.5-2B,Qwen3.5-4B,23,0.75,0.25,30,30,30,29,30,29,0.9666666666666667,4.672507566283457e-05,2.2569050997844897e-05,9.604614024283364e-05,4.605956928571686e-05,17.188682556152344,23.382614135742188,0.00010275840759277344,0.00013666748418472707,5.961259375908412e-05,0.00019628008885774761,0.00019252300262451172,-0.00011654496483970433,7.973511674208567e-05,0.00019628008885774761,0.00019628008885774761,0.9572506546974182,0.919183994272392,,,,26.94224394000048,5.4453125
layer_sweep,layer_sweep__Qwen3.5-2B__to__Qwen3.5-4B__l23__p0.75-0.25,T03,3,4,pineapple,acoustic guitar,Qwen3.5-2B,Qwen3.5-4B,23,0.75,0.25,30,30,29,16,29,16,0.5517241379310345,2.913301250373479e-05,4.215041917632334e-05,5.947613681200892e-05,8.597789565101266e-05,19.486711502075195,13.680599212646484,8.314847946166992e-05,3.116727020824328e-05,4.1319926822325215e-05,7.248719339258969e-05,7.134675979614258e-05,-7.618268136866391e-05,-3.6954879760742188e-06,7.248719339258969e-05,7.248719339258969e-05,0.9611946940422058,0.9094387122705928,,,,25.694147075999354,5.4453125
layer_sweep,layer_sweep__Qwen3.5-2B__to__Qwen3.5-4B__l23__p0.75-0.25,T05,5,6,laptop,espresso,Qwen3.5-2B,Qwen3.5-4B,23,0.75,0.25,30,30,12,6,12,6,0.5,4.718080163002014e-05,4.321460801293142e-05,9.642472286941484e-05,8.805088873486966e-05,28.272096633911133,24.968734741210938,4.410743713378906e-05,4.756252019433305e-05,-2.180933915951755e-05,2.5753181034815498e-05,2.4974346160888672e-05,-4.0072201954899356e-05,-1.4319022739073262e-05,2.5753181034815498e-05,2.5753181034815498e-05,0.9238079786300659,0.8302092751133474,,,,26.15958730100101,5.4453125
layer_sweep,layer_sweep__Qwen3.5-2B__to__Qwen3.5-4B__l23__p0.75-0.25,T07,7,8,volcano,rocking chair,Qwen3.5-2B,Qwen3.5-4B,23,0.75,0.25,30,30,30,30,30,30,1.0,6.774440407752991e-05,5.7614099205238745e-05,0.00013820648018736392,0.00011816418555099517,23.550779342651367,19.432998657226562,9.78708267211914e-05,0.00011147459008498117,4.501342846197076e-05,0.00015648802218493074,0.00015491247177124023,-9.169777331408113e-05,6.479024887084961e-05,0.00015648802218493074,0.00015648802218493074,0.9635360836982727,0.895682610392392,,,,26.443457841000054,5.4453125
layer_sweep,layer_sweep__Qwen3.5-2B__to__Qwen3.5-4B__l23__p0.75-0.25,T09,9,10,soccer ball,school bus,Qwen3.5-2B,Qwen3.5-4B,23,0.75,0.25,30,30,24,10,24,10,0.4166666666666667,5.9424590290291235e-05,4.258875924278982e-05,0.00012155148579040542,8.739273471292108e-05,21.65464210510254,25.28047752380371,5.46574592590332e-05,3.96788127545733e-05,-3.125270268355962e-06,3.655354157672264e-05,3.692507743835449e-05,-5.1079194236081094e-05,-1.4525651749863755e-05,3.655354157672264e-05,3.655354157672264e-05,0.9427202939987183,0.8640513607699123,,,,25.726826426987827,5.4453125
layer_sweep,layer_sweep__Gemma_4_E2B-it__to__Gemma_4_E4B-it__l7__p0.75-0.25,T01,1,2,goldfish,monarch butterfly,Gemma 4 E2B-it,Gemma 4 E4B-it,7,0.75,0.25,30,30,0,0,0,0,,0.013740313239395618,0.011604906059801579,0.027872681617736816,0.023566236719489098,27.73090362548828,26.296092987060547,0.01898568868637085,0.0037025234196335077,0.0025681317783892155,0.0062706549651920795,0.006532192230224609,-0.01769728772342205,-0.011426633223891258,0.0062706549651920795,0.0062706549651920795,0.5085483193397522,0.43403910867514833,,,,264.05352712400054,12.775390625
layer_sweep,layer_sweep__Gemma_4_E2B-it__to__Gemma_4_E4B-it__l7__p0.75-0.25,T03,3,4,pineapple,acoustic guitar,Gemma 4 E2B-it,Gemma 4 E4B-it,7,0.75,0.25,30,30,0,0,0,0,,0.023905666545033455,0.014722772873938084,0.04824504628777504,0.029850417748093605,18.286163330078125,25.011240005493164,0.03270423412322998,0.0184100903570652,0.005738760810345411,0.0241488516330719,0.021890193223953247,-0.029536642134189606,-0.005387790966778994,0.0241488516330719,0.0241488516330719,0.6154216527938843,0.376534978069615,,,,263.3075474030047,12.775390625
layer_sweep,layer_sweep__Gemma_4_E2B-it__to__Gemma_4_E4B-it__l7__p0.75-0.25,T05,5,6,laptop,espresso,Gemma 4 E2B-it,Gemma 4 E4B-it,7,0.75,0.25,30,30,1,0,1,0,0.0,0.012819773517549038,0.014162767678499222,0.02601718157529831,0.028723325580358505,26.098472595214844,25.805089950561523,0.01222902536392212,0.005193642806261778,0.000958774471655488,0.006152417045086622,0.005795180797576904,-0.010007870383560658,-0.003855452872812748,0.006152417045086622,0.006152417045086622,0.690237820148468,0.5957175549052273,,,,262.56232350800565,12.775390625
layer_sweep,layer_sweep__Gemma_4_E2B-it__to__Gemma_4_E4B-it__l7__p0.75-0.25,T07,7,8,volcano,rocking chair,Gemma 4 E2B-it,Gemma 4 E4B-it,7,0.75,0.25,30,30,0,0,0,0,,0.019367802888154984,0.015113559551537037,0.03917695954442024,0.030637145042419434,28.29238510131836,27.540597915649414,0.02183908224105835,0.007605443242937326,0.007974151521921158,0.015579595230519772,0.015110671520233154,-0.020849129185080528,-0.005269533488899469,0.015579595230519772,0.015579595230519772,0.48777106404304504,0.3227897708785175,,,,262.08486532999086,12.775390625
layer_sweep,layer_sweep__Gemma_4_E2B-it__to__Gemma_4_E4B-it__l7__p0.75-0.25,T09,9,10,soccer ball,school bus,Gemma 4 E2B-it,Gemma 4 E4B-it,7,0.75,0.25,30,30,0,0,0,0,,0.016621073707938194,0.010192938148975372,0.03366765007376671,0.020713558420538902,23.42094612121582,27.576175689697266,0.009792685508728027,0.00025427938089706004,0.005214444827288389,0.005468724295496941,0.00485268235206604,-0.00833234004676342,-0.0028636157512664795,0.005468724295496941,0.005468724295496941,0.6120365858078003,0.6702365041056244,,,,260.9176742609998,12.775390625
layer_sweep,layer_sweep__Qwen3.5-2B__to__Qwen3.5-4B__l0__p0.75-0.25,T01,1,2,goldfish,monarch butterfly,Qwen3.5-2B,Qwen3.5-4B,0,0.75,0.25,30,30,0,0,0,0,,4.672507566283457e-05,2.2569050997844897e-05,9.604614024283364e-05,4.605956928571686e-05,17.188682556152344,23.382614135742188,0.00010275840759277344,5.2054721891181543e-05,-1.2973944649274927e-05,3.908077997039072e-05,2.9355287551879883e-05,-0.00011654496483970433,-7.74641812313348e-05,3.908077997039072e-05,3.908077997039072e-05,0.30759283900260925,0.44019535077614486,,,,21.169419198995456,5.41796875
layer_sweep,layer_sweep__Qwen3.5-2B__to__Qwen3.5-4B__l0__p0.75-0.25,T03,3,4,pineapple,acoustic guitar,Qwen3.5-2B,Qwen3.5-4B,0,0.75,0.25,30,30,0,0,0,0,,2.913301250373479e-05,4.215041917632334e-05,5.947613681200892e-05,8.597789565101266e-05,19.486711502075195,13.680599212646484,8.314847946166992e-05,9.15527380129788e-06,1.974900669665658e-06,1.1130174243589863e-05,1.2159347534179688e-05,-7.618268136866391e-05,-6.505251076305285e-05,1.1130174243589863e-05,1.1130174243589863e-05,0.4414984881877899,0.4933468776587799,,,,19.444265817997803,5.41796875
layer_sweep,layer_sweep__Qwen3.5-2B__to__Qwen3.5-4B__l0__p0.75-0.25,T05,5,6,laptop,espresso,Qwen3.5-2B,Qwen3.5-4B,0,0.75,0.25,30,30,0,0,0,0,,4.718080163002014e-05,4.321460801293142e-05,9.642472286941484e-05,8.805088873486966e-05,28.272096633911133,24.968734741210938,4.410743713378906e-05,1.5133618944673799e-05,-1.0476509487489238e-05,4.657109457184561e-06,4.708766937255859e-06,-4.0072201954899356e-05,-3.54150943167042e-05,4.657109457184561e-06,4.657109457184561e-06,0.3595409691333771,0.41435384958870375,,,,20.287617743997544,5.41796875
layer_sweep,layer_sweep__Qwen3.5-2B__to__Qwen3.5-4B__l0__p0.75-0.25,T07,7,8,volcano,rocking chair,Qwen3.5-2B,Qwen3.5-4B,0,0.75,0.25,30,30,0,0,0,0,,6.774440407752991e-05,5.7614099205238745e-05,0.00013820648018736392,0.00011816418555099517,23.550779342651367,19.432998657226562,9.78708267211914e-05,4.231532511767e-05,-5.668401627190178e-06,3.664692121674307e-05,3.078579902648926e-05,-9.169777331408113e-05,-5.505084845935926e-05,3.664692121674307e-05,3.664692121674307e-05,0.3886905610561371,0.30490284944227247,,,,20.526320565004426,5.41796875
layer_sweep,layer_sweep__Qwen3.5-2B__to__Qwen3.5-4B__l0__p0.75-0.25,T09,9,10,soccer ball,school bus,Qwen3.5-2B,Qwen3.5-4B,0,0.75,0.25,30,30,0,0,0,0,,5.9424590290291235e-05,4.258875924278982e-05,0.00012155148579040542,8.739273471292108e-05,21.65464210510254,25.28047752380371,5.46574592590332e-05,1.766284299264953e-06,-2.3543834686279297e-06,-5.880991693629767e-07,-2.086162567138672e-06,-5.1079194236081094e-05,-5.1667291700141504e-05,-5.880991693629767e-07,-5.880991693629767e-07,0.36920464038848877,0.34848965959185296,,,,20.221690817998024,5.41796875
layer_sweep,layer_sweep__InternVL3.5-2B-HF__to__InternVL3.5-4B-HF__l23__p0.75-0.25,T01,1,2,goldfish,monarch butterfly,InternVL3.5-2B-HF,InternVL3.5-4B-HF,23,0.75,0.25,30,30,30,26,30,26,0.8666666666666667,0.018277516588568687,0.015552443452179432,0.03699168935418129,0.03151911497116089,23.250425338745117,23.017000198364258,0.03345024585723877,0.021070869639515877,0.011191373690962791,0.03226224333047867,0.03186684846878052,-0.03185735642910004,0.0004048883856739849,0.03226224333047867,0.03226224333047867,0.9660873413085938,0.9137480511021122,,,,44.638848063994374,6.513671875
layer_sweep,layer_sweep__InternVL3.5-2B-HF__to__InternVL3.5-4B-HF__l23__p0.75-0.25,T03,3,4,pineapple,acoustic guitar,InternVL3.5-2B-HF,InternVL3.5-4B-HF,23,0.75,0.25,30,30,30,7,30,7,0.23333333333333334,0.018692610785365105,0.01706230640411377,0.03782397136092186,0.034553658217191696,19.53386878967285,20.959590911865234,0.034928858280181885,0.014127361588180065,0.007042962126433849,0.021170323714613914,0.018537402153015137,-0.03069295361638069,-0.009522628970444202,0.021170323714613914,0.021170323714613914,0.9570565819740295,0.9058564879589585,,,,42.82825322199642,6.513671875
layer_sweep,layer_sweep__InternVL3.5-2B-HF__to__InternVL3.5-4B-HF__l23__p0.75-0.25,T05,5,6,laptop,espresso,InternVL3.5-2B-HF,InternVL3.5-4B-HF,23,0.75,0.25,30,30,30,5,30,5,0.16666666666666666,0.01757832244038582,0.015817342326045036,0.0355890728533268,0.032052259892225266,25.883657455444336,25.70859146118164,0.016745686531066895,0.009930316358804703,-0.003331859828904271,0.006598456762731075,0.005709320306777954,-0.01491737924516201,-0.008318922482430935,0.006598456762731075,0.006598456762731075,0.9477026462554932,0.8925706957395585,,,,43.486747268994804,6.513671875
layer_sweep,layer_sweep__InternVL3.5-2B-HF__to__InternVL3.5-4B-HF__l23__p0.75-0.25,T07,7,8,volcano,rocking chair,InternVL3.5-2B-HF,InternVL3.5-4B-HF,23,0.75,0.25,30,30,30,19,30,19,0.6333333333333333,0.024615293368697166,0.0194703321903944,0.04965941607952118,0.039382047951221466,25.798168182373047,24.553497314453125,0.03867542743682861,0.034932829439640045,0.011125334538519382,0.04605816304683685,0.04643133282661438,-0.0372035913169384,0.008854571729898453,0.04605816304683685,0.04605816304683685,0.974137544631958,0.9261488980194571,,,,44.05185887799598,6.513671875
layer_sweep,layer_sweep__InternVL3.5-2B-HF__to__InternVL3.5-4B-HF__l23__p0.75-0.25,T09,9,10,soccer ball,school bus,InternVL3.5-2B-HF,InternVL3.5-4B-HF,23,0.75,0.25,30,30,30,1,30,1,0.03333333333333333,0.020641259849071503,0.013044964522123337,0.041725561022758484,0.026471422985196114,26.198646545410156,25.632814407348633,0.015559911727905273,0.010220249183475971,-0.0015071332454681396,0.008713115938007832,0.009282827377319336,-0.01361780147999525,-0.004904685541987419,0.008713115938007832,0.008713115938007832,0.9472202062606812,0.8764245652236676,,,,43.075127892007,6.513671875
layer_sweep,layer_sweep__Gemma_4_E2B-it__to__InternVL3.5-8B-HF__l15__p0.75-0.25,T01,1,2,goldfish,monarch butterfly,Gemma 4 E2B-it,InternVL3.5-8B-HF,15,0.75,0.25,30,30,30,2,30,2,0.06666666666666667,0.019903458654880524,0.015404585748910904,0.04024935141205788,0.03122246451675892,24.13962173461914,23.98089599609375,0.03508269786834717,0.008813615888357162,0.005821728613227606,0.014635344035923481,0.01475796103477478,-0.032727088779211044,-0.018091745674610138,0.014635344035923481,0.014635344035923481,0.9446554183959961,0.8513684194599561,,,,332.43311769400316,12.775390625
layer_sweep,layer_sweep__Gemma_4_E2B-it__to__InternVL3.5-8B-HF__l15__p0.75-0.25,T03,3,4,pineapple,acoustic guitar,Gemma 4 E2B-it,InternVL3.5-8B-HF,15,0.75,0.25,30,30,30,1,30,1,0.03333333333333333,0.01953318901360035,0.023341679945588112,0.03950817883014679,0.047119952738285065,20.52910614013672,19.632478713989258,0.042083561420440674,0.003707981202751398,0.0054071745835244656,0.009115155786275864,0.007019102573394775,-0.038581106811761856,-0.029465947300195694,0.009115155786275864,0.009115155786275864,0.8773710131645203,0.6844952962272111,,,,330.4301625730077,12.775390625
layer_sweep,layer_sweep__Gemma_4_E2B-it__to__InternVL3.5-8B-HF__l15__p0.75-0.25,T05,5,6,laptop,espresso,Gemma 4 E2B-it,InternVL3.5-8B-HF,15,0.75,0.25,30,30,30,0,30,0,0.0,0.02053987979888916,0.018292734399437904,0.04152269661426544,0.037022363394498825,26.9877986907959,26.15935516357422,0.019495725631713867,0.0032936413772404194,0.0002652366820257157,0.0035588780883699656,0.002917736768722534,-0.01667274348437786,-0.013113866560161114,0.0035588780883699656,0.0035588780883699656,0.9144735336303711,0.7870475538548771,,,,331.65947343898733,12.775390625
layer_sweep,layer_sweep__Gemma_4_E2B-it__to__InternVL3.5-8B-HF__l15__p0.75-0.25,T07,7,8,volcano,rocking chair,Gemma 4 E2B-it,InternVL3.5-8B-HF,15,0.75,0.25,30,30,30,4,30,4,0.13333333333333333,0.02712102234363556,0.021996868774294853,0.0546448677778244,0.04443572461605072,25.8299503326416,25.830265045166016,0.03790408372879028,0.023015260696411133,0.007299786899238825,0.03031504712998867,0.028825879096984863,-0.03567210212349892,-0.0053570508025586605,0.03031504712998867,0.03031504712998867,0.928925633430481,0.7911528179319045,,,,339.83194653600367,12.775390625
layer_sweep,layer_sweep__Gemma_4_E2B-it__to__InternVL3.5-8B-HF__l15__p0.75-0.25,T09,9,10,soccer ball,school bus,Gemma 4 E2B-it,InternVL3.5-8B-HF,15,0.75,0.25,30,30,30,0,30,0,0.0,0.028057223185896873,0.014637214131653309,0.0565045028924942,0.029678504914045334,25.67830467224121,26.757408142089844,0.019000232219696045,0.00875826831907034,-0.00031814377871342003,0.008440124802291393,0.008681803941726685,-0.015634920448064804,-0.0071947951801121235,0.008440124802291393,0.008440124802291393,0.8964642882347107,0.7883085049067191,,,,339.16706229300326,12.775390625
layer_sweep,layer_sweep__Qwen3.5-2B__to__Gemma_4_E4B-it__l11__p0.75-0.25,T01,1,2,goldfish,monarch butterfly,Qwen3.5-2B,Gemma 4 E4B-it,11,0.75,0.25,30,30,29,2,29,2,0.06896551724137931,0.013740313239395618,0.011604906059801579,0.027872681617736816,0.023566236719489098,27.73090362548828,26.296092987060547,0.01898568868637085,0.0010705809108912945,0.0030086159240454435,0.004079197067767382,0.0033250153064727783,-0.01769728772342205,-0.01361809205263853,0.004079197067767382,0.004079197067767382,0.24710965156555176,0.3079925925412732,,,,23.47921087100258,5.41796875
layer_sweep,layer_sweep__Qwen3.5-2B__to__Gemma_4_E4B-it__l11__p0.75-0.25,T03,3,4,pineapple,acoustic guitar,Qwen3.5-2B,Gemma 4 E4B-it,11,0.75,0.25,30,30,29,0,29,0,0.0,0.023905666545033455,0.014722772873938084,0.04824504628777504,0.029850417748093605,18.286163330078125,25.011240005493164,0.03270423412322998,0.020227111876010895,0.0021021803840994835,0.022329293191432953,0.020024895668029785,-0.029536642134189606,-0.0072073498740792274,0.022329293191432953,0.022329293191432953,0.29029834270477295,0.2435799123650688,,,,21.88162320999254,5.41796875
layer_sweep,layer_sweep__Qwen3.5-2B__to__Gemma_4_E4B-it__l11__p0.75-0.25,T05,5,6,laptop,espresso,Qwen3.5-2B,Gemma 4 E4B-it,11,0.75,0.25,30,30,9,0,9,0,0.0,0.012819773517549038,0.014162767678499222,0.02601718157529831,0.028723325580358505,26.098472595214844,25.805089950561523,0.01222902536392212,0.0036114314571022987,0.0009423494338989258,0.0045537808910012245,0.004043519496917725,-0.010007870383560658,-0.005454089026898146,0.0045537808910012245,0.0045537808910012245,0.357486754655838,0.40253643089293084,,,,22.274548718000005,5.41796875
layer_sweep,layer_sweep__Qwen3.5-2B__to__Gemma_4_E4B-it__l11__p0.75-0.25,T07,7,8,volcano,rocking chair,Qwen3.5-2B,Gemma 4 E4B-it,11,0.75,0.25,30,30,28,2,28,2,0.07142857142857142,0.019367802888154984,0.015113559551537037,0.03917695954442024,0.030637145042419434,28.29238510131836,27.540597915649414,0.02183908224105835,0.012286406941711903,0.003768362570554018,0.016054769977927208,0.014966040849685669,-0.020849129185080528,-0.00479435920715332,0.016054769977927208,0.016054769977927208,0.2884472906589508,0.22687115030866156,,,,22.458328316992265,5.41796875
layer_sweep,layer_sweep__Qwen3.5-2B__to__Gemma_4_E4B-it__l11__p0.75-0.25,T09,9,10,soccer ball,school bus,Qwen3.5-2B,Gemma 4 E4B-it,11,0.75,0.25,30,30,17,2,17,2,0.11764705882352941,0.016621073707938194,0.010192938148975372,0.03366765007376671,0.020713558420538902,23.42094612121582,27.576175689697266,0.009792685508728027,0.004349509719759226,-0.00036551555967889726,0.003983994480222464,0.003598242998123169,-0.00833234004676342,-0.0043483455665409565,0.003983994480222464,0.003983994480222464,0.32222461700439453,0.37100460576688915,,,,22.109525384992594,5.41796875
layer_sweep,layer_sweep__InternVL3.5-2B-HF__to__Qwen3.5-4B__l23__p0.75-0.25,T01,1,2,goldfish,monarch butterfly,InternVL3.5-2B-HF,Qwen3.5-4B,23,0.75,0.25,30,30,30,1,30,1,0.03333333333333333,4.672507566283457e-05,2.2569050997844897e-05,9.604614024283364e-05,4.605956928571686e-05,17.188682556152344,23.382614135742188,0.00010275840759277344,5.9745707403635606e-05,-1.1571248251129873e-05,4.817446097149514e-05,5.0961971282958984e-05,-0.00011654496483970433,-6.837050023023039e-05,4.817446097149514e-05,4.817446097149514e-05,0.9007353186607361,0.8068765031340197,,,,44.126356400003715,6.513671875
layer_sweep,layer_sweep__InternVL3.5-2B-HF__to__Qwen3.5-4B__l23__p0.75-0.25,T03,3,4,pineapple,acoustic guitar,InternVL3.5-2B-HF,Qwen3.5-4B,23,0.75,0.25,30,30,30,0,30,0,0.0,2.913301250373479e-05,4.215041917632334e-05,5.947613681200892e-05,8.597789565101266e-05,19.486711502075195,13.680599212646484,8.314847946166992e-05,-1.2715658215256553e-07,7.766485396132339e-06,7.639328941877466e-06,4.708766937255859e-06,-7.618268136866391e-05,-6.854335515527055e-05,7.639328941877466e-06,7.639328941877466e-06,0.9254664182662964,0.8527184915490558,,,,42.73958963899349,6.513671875
layer_sweep,layer_sweep__InternVL3.5-2B-HF__to__Qwen3.5-4B__l23__p0.75-0.25,T05,5,6,laptop,espresso,InternVL3.5-2B-HF,Qwen3.5-4B,23,0.75,0.25,30,30,29,0,29,0,0.0,4.718080163002014e-05,4.321460801293142e-05,9.642472286941484e-05,8.805088873486966e-05,28.272096633911133,24.968734741210938,4.410743713378906e-05,9.36587639444042e-06,-6.953875072213123e-06,2.4120013222272974e-06,1.5795230865478516e-06,-4.0072201954899356e-05,-3.766020017792471e-05,2.4120013222272974e-06,2.4120013222272974e-06,0.8917120695114136,0.7328102200688649,,,,43.357246587009286,6.513671875
layer_sweep,layer_sweep__InternVL3.5-2B-HF__to__Qwen3.5-4B__l23__p0.75-0.25,T07,7,8,volcano,rocking chair,InternVL3.5-2B-HF,Qwen3.5-4B,23,0.75,0.25,30,30,30,0,30,0,0.0,6.774440407752991e-05,5.7614099205238745e-05,0.00013820648018736392,0.00011816418555099517,23.550779342651367,19.432998657226562,9.78708267211914e-05,6.0604015743592754e-05,8.529425031156279e-06,6.913344259373844e-05,6.0439109802246094e-05,-9.169777331408113e-05,-2.25643325393321e-05,6.913344259373844e-05,6.913344259373844e-05,0.8988475203514099,0.7617233282285629,,,,43.69370048400742,6.513671875
layer_sweep,layer_sweep__InternVL3.5-2B-HF__to__Qwen3.5-4B__l23__p0.75-0.25,T09,9,10,soccer ball,school bus,InternVL3.5-2B-HF,Qwen3.5-4B,23,0.75,0.25,30,30,30,0,30,0,0.0,5.9424590290291235e-05,4.258875924278982e-05,0.00012155148579040542,8.739273471292108e-05,21.65464210510254,25.28047752380371,5.46574592590332e-05,9.997685992857441e-06,-5.751848220825195e-06,4.245837317284895e-06,2.0563602447509766e-06,-5.1079194236081094e-05,-4.683335646404885e-05,4.245837317284895e-06,4.245837317284895e-06,0.8831189870834351,0.7411675301760164,,,,43.22850902398932,6.513671875
layer_sweep,layer_sweep__Qwen3.5-2B__to__Qwen3.5-4B__l17__p0.75-0.25,T01,1,2,goldfish,monarch butterfly,Qwen3.5-2B,Qwen3.5-4B,17,0.75,0.25,30,30,30,30,30,30,1.0,4.672507566283457e-05,2.2569050997844897e-05,9.604614024283364e-05,4.605956928571686e-05,17.188682556152344,23.382614135742188,0.00010275840759277344,0.0001437882601749152,6.25888496870175e-05,0.0002063771098619327,0.00019782781600952148,-0.00011654496483970433,8.983214502222836e-05,0.0002063771098619327,0.0002063771098619327,0.8650460839271545,0.8157579612434802,,,,25.7147314679969,5.41796875
layer_sweep,layer_sweep__Qwen3.5-2B__to__Qwen3.5-4B__l17__p0.75-0.25,T03,3,4,pineapple,acoustic guitar,Qwen3.5-2B,Qwen3.5-4B,17,0.75,0.25,30,30,30,30,30,30,1.0,2.913301250373479e-05,4.215041917632334e-05,5.947613681200892e-05,8.597789565101266e-05,19.486711502075195,13.680599212646484,8.314847946166992e-05,5.793968739453703e-05,5.1836173952324316e-05,0.00010977585770888254,0.00011184811592102051,-7.618268136866391e-05,3.3593176340218633e-05,0.00010977585770888254,0.00010977585770888254,0.8333829641342163,0.8142876536918714,,,,23.916324783989694,5.41796875
layer_sweep,layer_sweep__Qwen3.5-2B__to__Qwen3.5-4B__l17__p0.75-0.25,T05,5,6,laptop,espresso,Qwen3.5-2B,Qwen3.5-4B,17,0.75,0.25,30,30,28,14,28,14,0.5,4.718080163002014e-05,4.321460801293142e-05,9.642472286941484e-05,8.805088873486966e-05,28.272096633911133,24.968734741210938,4.410743713378906e-05,4.9207606934942305e-05,-1.0055303391709458e-05,3.9152302633738145e-05,3.814697265625e-05,-4.0072201954899356e-05,-9.198983548230899e-07,3.9152302633738145e-05,3.9152302633738145e-05,0.7669875025749207,0.6946947812593313,,,,24.544734227994923,5.41796875
layer_sweep,layer_sweep__Qwen3.5-2B__to__Qwen3.5-4B__l17__p0.75-0.25,T07,7,8,volcano,rocking chair,Qwen3.5-2B,Qwen3.5-4B,17,0.75,0.25,30,30,30,30,30,30,1.0,6.774440407752991e-05,5.7614099205238745e-05,0.00013820648018736392,0.00011816418555099517,23.550779342651367,19.432998657226562,9.78708267211914e-05,0.00011230905511183664,4.898111001239158e-05,0.00016129016876220703,0.0001583695411682129,-9.169777331408113e-05,6.95923954481259e-05,0.00016129016876220703,0.00016129016876220703,0.7715232372283936,0.6595009076835613,,,,24.5004919639905,5.41796875
layer_sweep,layer_sweep__Qwen3.5-2B__to__Qwen3.5-4B__l17__p0.75-0.25,T09,9,10,soccer ball,school bus,Qwen3.5-2B,Qwen3.5-4B,17,0.75,0.25,30,30,30,22,30,22,0.7333333333333333,5.9424590290291235e-05,4.258875924278982e-05,0.00012155148579040542,8.739273471292108e-05,21.65464210510254,25.28047752380371,5.46574592590332e-05,2.9508273655665107e-05,1.850724220275879e-05,4.801551403943449e-05,4.521012306213379e-05,-5.1079194236081094e-05,-3.0636788324045483e-06,4.801551403943449e-05,4.801551403943449e-05,0.8032207489013672,0.6531132728699035,,,,24.18461262400524,5.41796875
layer_sweep,layer_sweep__Qwen3.5-2B__to__Gemma_4_E4B-it__l0__p0.75-0.25,T01,1,2,goldfish,monarch butterfly,Qwen3.5-2B,Gemma 4 E4B-it,0,0.75,0.25,30,30,0,0,0,0,,0.013740313239395618,0.011604906059801579,0.027872681617736816,0.023566236719489098,27.73090362548828,26.296092987060547,0.01898568868637085,-0.0031394341494888067,0.0040214816108345985,0.0008820474031381309,0.0007410943508148193,-0.01769728772342205,-0.016815241426229477,0.0008820474031381309,0.0008820474031381309,0.308555006980896,0.3530339272839954,,,,21.109161617998325,5.41796875
layer_sweep,layer_sweep__Qwen3.5-2B__to__Gemma_4_E4B-it__l0__p0.75-0.25,T03,3,4,pineapple,acoustic guitar,Qwen3.5-2B,Gemma 4 E4B-it,0,0.75,0.25,30,30,0,0,0,0,,0.023905666545033455,0.014722772873938084,0.04824504628777504,0.029850417748093605,18.286163330078125,25.011240005493164,0.03270423412322998,0.012617206200957298,-0.0007930239080451429,0.011824182234704494,0.009671300649642944,-0.029536642134189606,-0.017712460830807686,0.011824182234704494,0.011824182234704494,0.22449085116386414,0.15086118377601604,,,,19.08735808999336,5.41796875
layer_sweep,layer_sweep__Qwen3.5-2B__to__Gemma_4_E4B-it__l0__p0.75-0.25,T05,5,6,laptop,espresso,Qwen3.5-2B,Gemma 4 E4B-it,0,0.75,0.25,30,30,0,0,0,0,,0.012819773517549038,0.014162767678499222,0.02601718157529831,0.028723325580358505,26.098472595214844,25.805089950561523,0.01222902536392212,0.002672461559996009,-0.0005965312593616545,0.0020759303588420153,0.002057701349258423,-0.010007870383560658,-0.007931939326226711,0.0020759303588420153,0.0020759303588420153,0.2705369293689728,0.37643814534202463,,,,20.728207772008318,5.41796875
layer_sweep,layer_sweep__Qwen3.5-2B__to__Gemma_4_E4B-it__l0__p0.75-0.25,T07,7,8,volcano,rocking chair,Qwen3.5-2B,Gemma 4 E4B-it,0,0.75,0.25,30,30,0,0,0,0,,0.019367802888154984,0.015113559551537037,0.03917695954442024,0.030637145042419434,28.29238510131836,27.540597915649414,0.02183908224105835,0.0010286569595336914,0.004459458403289318,0.0054881153628230095,0.0048847496509552,-0.020849129185080528,-0.015361012890934944,0.0054881153628230095,0.0054881153628230095,0.2573111355304718,0.19121418479988678,,,,20.39610766199621,5.41796875
layer_sweep,layer_sweep__Qwen3.5-2B__to__Gemma_4_E4B-it__l0__p0.75-0.25,T09,9,10,soccer ball,school bus,Qwen3.5-2B,Gemma 4 E4B-it,0,0.75,0.25,30,30,0,0,0,0,,0.016621073707938194,0.010192938148975372,0.03366765007376671,0.020713558420538902,23.42094612121582,27.576175689697266,0.009792685508728027,0.000639329373370856,0.0002840578672476113,0.0009233871824108064,0.0008119642734527588,-0.00833234004676342,-0.007408952806144953,0.0009233871824108064,0.0009233871824108064,0.3188392221927643,0.4455475706820317,,,,19.90134347700223,5.41796875
layer_sweep,layer_sweep__Qwen3.5-2B__to__Gemma_4_E4B-it__l17__p0.75-0.25,T01,1,2,goldfish,monarch butterfly,Qwen3.5-2B,Gemma 4 E4B-it,17,0.75,0.25,30,30,30,3,30,3,0.1,0.013740313239395618,0.011604906059801579,0.027872681617736816,0.023566236719489098,27.73090362548828,26.296092987060547,0.01898568868637085,-0.0006821294664405286,0.005747213028371334,0.0050650835037231445,0.004406541585922241,-0.01769728772342205,-0.01263220515102148,0.0050650835037231445,0.0050650835037231445,0.8654278516769409,0.7886663939301112,,,,24.756870639990666,5.41796875
layer_sweep,layer_sweep__Qwen3.5-2B__to__Gemma_4_E4B-it__l17__p0.75-0.25,T03,3,4,pineapple,acoustic guitar,Qwen3.5-2B,Gemma 4 E4B-it,17,0.75,0.25,30,30,30,0,30,0,0.0,0.023905666545033455,0.014722772873938084,0.04824504628777504,0.029850417748093605,18.286163330078125,25.011240005493164,0.03270423412322998,0.015313094481825829,0.001930022262968123,0.017243117094039917,0.01565214991569519,-0.029536642134189606,-0.012293525971472263,0.017243117094039917,0.017243117094039917,0.6781435012817383,0.5064125532834739,,,,23.954347189996042,5.41796875
layer_sweep,layer_sweep__Qwen3.5-2B__to__Gemma_4_E4B-it__l17__p0.75-0.25,T05,5,6,laptop,espresso,Qwen3.5-2B,Gemma 4 E4B-it,17,0.75,0.25,30,30,28,0,28,0,0.0,0.012819773517549038,0.014162767678499222,0.02601718157529831,0.028723325580358505,26.098472595214844,25.805089950561523,0.01222902536392212,0.0024898191913962364,0.0006226042751222849,0.0031124234665185213,0.0030008256435394287,-0.010007870383560658,-0.0068954466842114925,0.0031124234665185213,0.0031124234665185213,0.676613450050354,0.6291877718513447,,,,24.51194096600375,5.41796875
layer_sweep,layer_sweep__Qwen3.5-2B__to__Gemma_4_E4B-it__l17__p0.75-0.25,T07,7,8,volcano,rocking chair,Qwen3.5-2B,Gemma 4 E4B-it,17,0.75,0.25,30,30,30,1,30,1,0.03333333333333333,0.019367802888154984,0.015113559551537037,0.03917695954442024,0.030637145042419434,28.29238510131836,27.540597915649414,0.02183908224105835,0.008203909732401371,0.003908353857696056,0.012112263590097427,0.01143789291381836,-0.020849129185080528,-0.008736864663660526,0.012112263590097427,0.012112263590097427,0.6859338879585266,0.5553113525611243,,,,24.898887548995845,5.41796875
layer_sweep,layer_sweep__Qwen3.5-2B__to__Gemma_4_E4B-it__l17__p0.75-0.25,T09,9,10,soccer ball,school bus,Qwen3.5-2B,Gemma 4 E4B-it,17,0.75,0.25,30,30,30,2,30,2,0.06666666666666667,0.016621073707938194,0.010192938148975372,0.03366765007376671,0.020713558420538902,23.42094612121582,27.576175689697266,0.009792685508728027,0.0029496450442820787,0.00012464722385630012,0.0030742923263460398,0.002946227788925171,-0.00833234004676342,-0.005258047487586737,0.0030742923263460398,0.0030742923263460398,0.7315370440483093,0.7076131878158188,,,,23.65456993199041,5.41796875
layer_sweep,layer_sweep__Gemma_4_E2B-it__to__Gemma_4_E4B-it__l11__p0.75-0.25,T01,1,2,goldfish,monarch butterfly,Gemma 4 E2B-it,Gemma 4 E4B-it,11,0.75,0.25,30,30,17,16,17,16,0.9411764705882353,0.013740313239395618,0.011604906059801579,0.027872681617736816,0.023566236719489098,27.73090362548828,26.296092987060547,0.01898568868637085,0.01763308420777321,0.006818004418164492,0.024451088160276413,0.024998068809509277,-0.01769728772342205,0.0067538004368543625,0.024451088160276413,0.024451088160276413,0.7112680673599243,0.6431805865130277,,,,290.39900740801386,12.775390625
layer_sweep,layer_sweep__Gemma_4_E2B-it__to__Gemma_4_E4B-it__l11__p0.75-0.25,T03,3,4,pineapple,acoustic guitar,Gemma 4 E2B-it,Gemma 4 E4B-it,11,0.75,0.25,30,30,13,13,13,13,1.0,0.023905666545033455,0.014722772873938084,0.04824504628777504,0.029850417748093605,18.286163330078125,25.011240005493164,0.03270423412322998,0.03565688803792,0.014620715752243996,0.05027760565280914,0.050130486488342285,-0.029536642134189606,0.02074095979332924,0.05027760565280914,0.05027760565280914,0.8212580680847168,0.6737322544336147,,,,289.46348864200263,12.775390625
layer_sweep,layer_sweep__Gemma_4_E2B-it__to__Gemma_4_E4B-it__l11__p0.75-0.25,T05,5,6,laptop,espresso,Gemma 4 E2B-it,Gemma 4 E4B-it,11,0.75,0.25,30,30,20,18,20,18,0.9,0.012819773517549038,0.014162767678499222,0.02601718157529831,0.028723325580358505,26.098472595214844,25.805089950561523,0.01222902536392212,0.01140660885721445,0.00698846997693181,0.0183950774371624,0.018627673387527466,-0.010007870383560658,0.008387207984924316,0.0183950774371624,0.0183950774371624,0.8389164805412292,0.742322862857516,,,,288.30684570600715,12.775390625
layer_sweep,layer_sweep__Gemma_4_E2B-it__to__Gemma_4_E4B-it__l11__p0.75-0.25,T07,7,8,volcano,rocking chair,Gemma 4 E2B-it,Gemma 4 E4B-it,11,0.75,0.25,30,30,29,28,29,28,0.9655172413793104,0.019367802888154984,0.015113559551537037,0.03917695954442024,0.030637145042419434,28.29238510131836,27.540597915649414,0.02183908224105835,0.029743742197752,0.01419337373226881,0.04393710941076279,0.04332113265991211,-0.020849129185080528,0.023087987676262856,0.04393710941076279,0.04393710941076279,0.8410777449607849,0.6937714748914161,,,,288.82330168598855,12.775390625
layer_sweep,layer_sweep__Gemma_4_E2B-it__to__Gemma_4_E4B-it__l11__p0.75-0.25,T09,9,10,soccer ball,school bus,Gemma 4 E2B-it,Gemma 4 E4B-it,11,0.75,0.25,30,30,25,24,25,24,0.96,0.016621073707938194,0.010192938148975372,0.03366765007376671,0.020713558420538902,23.42094612121582,27.576175689697266,0.009792685508728027,0.01634230464696884,0.0005631049280054867,0.01690540835261345,0.016921013593673706,-0.00833234004676342,0.008573069237172604,0.01690540835261345,0.01690540835261345,0.8408633470535278,0.8447427703650441,,,,288.9199686610009,12.775390625
layer_sweep,layer_sweep__Gemma_4_E2B-it__to__InternVL3.5-8B-HF__l3__p0.75-0.25,T01,1,2,goldfish,monarch butterfly,Gemma 4 E2B-it,InternVL3.5-8B-HF,3,0.75,0.25,30,30,0,0,0,0,,0.019903458654880524,0.015404585748910904,0.04024935141205788,0.03122246451675892,24.13962173461914,23.98089599609375,0.03508269786834717,0.0033106645569205284,0.0019308606861159205,0.005241525359451771,0.005558967590332031,-0.032727088779211044,-0.027485566213726997,0.005241525359451771,0.005241525359451771,0.24694758653640747,0.4058994049005963,,,,235.52586215399788,12.775390625
layer_sweep,layer_sweep__Gemma_4_E2B-it__to__InternVL3.5-8B-HF__l3__p0.75-0.25,T03,3,4,pineapple,acoustic guitar,Gemma 4 E2B-it,InternVL3.5-8B-HF,3,0.75,0.25,30,30,0,0,0,0,,0.01953318901360035,0.023341679945588112,0.03950817883014679,0.047119952738285065,20.52910614013672,19.632478713989258,0.042083561420440674,-0.00018295446352567524,8.775393507676199e-05,-9.520053572487086e-05,-0.00041037797927856445,-0.038581106811761856,-0.03867631033062935,-9.520053572487086e-05,-9.520053572487086e-05,0.39380764961242676,0.48135645332933147,,,,234.47330015099578,12.775390625
layer_sweep,layer_sweep__Gemma_4_E2B-it__to__InternVL3.5-8B-HF__l3__p0.75-0.25,T05,5,6,laptop,espresso,Gemma 4 E2B-it,InternVL3.5-8B-HF,3,0.75,0.25,30,30,0,0,0,0,,0.02053987979888916,0.018292734399437904,0.04152269661426544,0.037022363394498825,26.9877986907959,26.15935516357422,0.019495725631713867,-0.0003142356872558594,0.00031777023104950786,3.534555389705929e-06,-3.6954879760742188e-06,-0.01667274348437786,-0.01666921004652977,3.534555389705929e-06,3.534555389705929e-06,0.25491926074028015,0.30423615251044933,,,,232.61672246399394,12.775390625
layer_sweep,layer_sweep__Gemma_4_E2B-it__to__InternVL3.5-8B-HF__l3__p0.75-0.25,T07,7,8,volcano,rocking chair,Gemma 4 E2B-it,InternVL3.5-8B-HF,3,0.75,0.25,30,30,0,0,0,0,,0.02712102234363556,0.021996868774294853,0.0546448677778244,0.04443572461605072,25.8299503326416,25.830265045166016,0.03790408372879028,0.01516244001686573,0.0030669430270791054,0.01822938397526741,0.014806777238845825,-0.03567210212349892,-0.017442714422941208,0.01822938397526741,0.01822938397526741,0.24813280999660492,0.21081533372207645,,,,233.30468290300632,12.775390625
layer_sweep,layer_sweep__Gemma_4_E2B-it__to__InternVL3.5-8B-HF__l3__p0.75-0.25,T09,9,10,soccer ball,school bus,Gemma 4 E2B-it,InternVL3.5-8B-HF,3,0.75,0.25,30,30,0,0,0,0,,0.028057223185896873,0.014637214131653309,0.0565045028924942,0.029678504914045334,25.67830467224121,26.757408142089844,0.019000232219696045,0.0057707251980900764,-0.0023561478592455387,0.0034145773388445377,0.0033881664276123047,-0.015634920448064804,-0.012220342643558979,0.0034145773388445377,0.0034145773388445377,0.308550626039505,0.4513559121998392,,,,232.83131067099748,12.775390625
layer_sweep,layer_sweep__Gemma_4_E2B-it__to__InternVL3.5-8B-HF__l7__p0.75-0.25,T01,1,2,goldfish,monarch butterfly,Gemma 4 E2B-it,InternVL3.5-8B-HF,7,0.75,0.25,30,30,0,0,0,0,,0.019903458654880524,0.015404585748910904,0.04024935141205788,0.03122246451675892,24.13962173461914,23.98089599609375,0.03508269786834717,0.0046022552996873856,0.002533944556489587,0.007136200089007616,0.007200002670288086,-0.032727088779211044,-0.025590891018509865,0.007136200089007616,0.007136200089007616,0.5027905702590942,0.5123357210125403,,,,284.17903928200394,12.775390625
layer_sweep,layer_sweep__Gemma_4_E2B-it__to__InternVL3.5-8B-HF__l7__p0.75-0.25,T03,3,4,pineapple,acoustic guitar,Gemma 4 E2B-it,InternVL3.5-8B-HF,7,0.75,0.25,30,30,0,0,0,0,,0.01953318901360035,0.023341679945588112,0.03950817883014679,0.047119952738285065,20.52910614013672,19.632478713989258,0.042083561420440674,0.00015999277820810676,0.003156292485073209,0.0033162853214889765,0.0025453269481658936,-0.038581106811761856,-0.035264816135168076,0.0033162853214889765,0.0033162853214889765,0.6745110154151917,0.609963437960143,,,,288.22847114199976,12.775390625
layer_sweep,layer_sweep__Gemma_4_E2B-it__to__InternVL3.5-8B-HF__l7__p0.75-0.25,T05,5,6,laptop,espresso,Gemma 4 E2B-it,InternVL3.5-8B-HF,7,0.75,0.25,30,30,0,0,0,0,,0.02053987979888916,0.018292734399437904,0.04152269661426544,0.037022363394498825,26.9877986907959,26.15935516357422,0.019495725631713867,0.00011490185715956613,0.0021911582443863153,0.0023060599341988564,0.0019364655017852783,-0.01667274348437786,-0.01436668448150158,0.0023060599341988564,0.0023060599341988564,0.619692862033844,0.51655618906926,,,,291.738480377011,12.775390625
layer_sweep,layer_sweep__Gemma_4_E2B-it__to__InternVL3.5-8B-HF__l7__p0.75-0.25,T07,7,8,volcano,rocking chair,Gemma 4 E2B-it,InternVL3.5-8B-HF,7,0.75,0.25,30,30,0,0,0,0,,0.02712102234363556,0.021996868774294853,0.0546448677778244,0.04443572461605072,25.8299503326416,25.830265045166016,0.03790408372879028,0.01870921440422535,0.004359982442110777,0.023069197311997414,0.0227338969707489,-0.03567210212349892,-0.012602901086211205,0.023069197311997414,0.023069197311997414,0.46339765191078186,0.3618261920078254,,,,287.68100495399995,12.775390625
layer_sweep,layer_sweep__Gemma_4_E2B-it__to__InternVL3.5-8B-HF__l7__p0.75-0.25,T09,9,10,soccer ball,school bus,Gemma 4 E2B-it,InternVL3.5-8B-HF,7,0.75,0.25,30,30,0,0,0,0,,0.028057223185896873,0.014637214131653309,0.0565045028924942,0.029678504914045334,25.67830467224121,26.757408142089844,0.019000232219696045,0.008296968415379524,-0.0008943835855461657,0.0074025848880410194,0.0073341429233551025,-0.015634920448064804,-0.008232335560023785,0.0074025848880410194,0.0074025848880410194,0.5765939354896545,0.6089505222686683,,,,289.3057630350013,12.775390625
layer_sweep,layer_sweep__Qwen3.5-2B__to__Qwen3.5-4B__l5__p0.75-0.25,T01,1,2,goldfish,monarch butterfly,Qwen3.5-2B,Qwen3.5-4B,5,0.75,0.25,30,30,0,0,0,0,,4.672507566283457e-05,2.2569050997844897e-05,9.604614024283364e-05,4.605956928571686e-05,17.188682556152344,23.382614135742188,0.00010275840759277344,8.150339272106066e-05,2.2649765014648438e-06,8.376836922252551e-05,6.875395774841309e-05,-0.00011654496483970433,-3.277659561717883e-05,8.376836922252551e-05,8.376836922252551e-05,0.24238266050815582,0.3286270579767144,,,,22.7951689459951,5.41796875
layer_sweep,layer_sweep__Qwen3.5-2B__to__Qwen3.5-4B__l5__p0.75-0.25,T03,3,4,pineapple,acoustic guitar,Qwen3.5-2B,Qwen3.5-4B,5,0.75,0.25,30,30,0,0,0,0,,2.913301250373479e-05,4.215041917632334e-05,5.947613681200892e-05,8.597789565101266e-05,19.486711502075195,13.680599212646484,8.314847946166992e-05,5.902846623939695e-06,3.281235694885254e-05,3.871520311804488e-05,3.471970558166504e-05,-7.618268136866391e-05,-3.7467478250619024e-05,3.871520311804488e-05,3.871520311804488e-05,0.47407376766204834,0.4751177367804922,,,,20.90329379600007,5.41796875
layer_sweep,layer_sweep__Qwen3.5-2B__to__Qwen3.5-4B__l5__p0.75-0.25,T05,5,6,laptop,espresso,Qwen3.5-2B,Qwen3.5-4B,5,0.75,0.25,30,30,0,0,0,0,,4.718080163002014e-05,4.321460801293142e-05,9.642472286941484e-05,8.805088873486966e-05,28.272096633911133,24.968734741210938,4.410743713378906e-05,8.054574209381826e-06,9.298324812334613e-07,8.9844070316758e-06,7.212162017822266e-06,-4.0072201954899356e-05,-3.1087794923223555e-05,8.9844070316758e-06,8.9844070316758e-06,0.3779006898403168,0.4140935397208159,,,,21.30310524700326,5.41796875
layer_sweep,layer_sweep__Qwen3.5-2B__to__Qwen3.5-4B__l5__p0.75-0.25,T07,7,8,volcano,rocking chair,Qwen3.5-2B,Qwen3.5-4B,5,0.75,0.25,30,30,0,0,0,0,,6.774440407752991e-05,5.7614099205238745e-05,0.00013820648018736392,0.00011816418555099517,23.550779342651367,19.432998657226562,9.78708267211914e-05,6.324648711597547e-05,4.570682722260244e-05,0.00010895331797655672,0.00011491775512695312,-9.169777331408113e-05,1.7255544662475586e-05,0.00010895331797655672,0.00010895331797655672,0.37952643632888794,0.3142938831285422,,,,21.562812117997964,5.41796875
layer_sweep,layer_sweep__Qwen3.5-2B__to__Qwen3.5-4B__l5__p0.75-0.25,T09,9,10,soccer ball,school bus,Qwen3.5-2B,Qwen3.5-4B,5,0.75,0.25,30,30,0,0,0,0,,5.9424590290291235e-05,4.258875924278982e-05,0.00012155148579040542,8.739273471292108e-05,21.65464210510254,25.28047752380371,5.46574592590332e-05,1.6800562661956064e-05,7.112820981092227e-07,1.7511843907414004e-05,1.633167266845703e-05,-5.1079194236081094e-05,-3.356735032866709e-05,1.7511843907414004e-05,1.7511843907414004e-05,0.3778315782546997,0.34954815533741795,,,,21.45988018799835,5.41796875
layer_sweep,layer_sweep__Gemma_4_E2B-it__to__InternVL3.5-8B-HF__l0__p0.75-0.25,T01,1,2,goldfish,monarch butterfly,Gemma 4 E2B-it,InternVL3.5-8B-HF,0,0.75,0.25,30,30,0,0,0,0,,0.019903458654880524,0.015404585748910904,0.04024935141205788,0.03122246451675892,24.13962173461914,23.98089599609375,0.03508269786834717,0.002956730080768466,0.0014303028583526611,0.004387033171951771,0.002962738275527954,-0.032727088779211044,-0.028340058401226997,0.004387033171951771,0.004387033171951771,0.151076078414917,0.31139527596549044,,,,208.3914301139812,12.775390625
layer_sweep,layer_sweep__Gemma_4_E2B-it__to__InternVL3.5-8B-HF__l0__p0.75-0.25,T03,3,4,pineapple,acoustic guitar,Gemma 4 E2B-it,InternVL3.5-8B-HF,0,0.75,0.25,30,30,0,0,0,0,,0.01953318901360035,0.023341679945588112,0.03950817883014679,0.047119952738285065,20.52910614013672,19.632478713989258,0.042083561420440674,-2.2989512217463925e-05,-0.00034110943670384586,-0.0003640989598352462,-0.0007204115390777588,-0.038581106811761856,-0.03894519805908203,-0.0003640989598352462,-0.0003640989598352462,0.25682497024536133,0.3682055555265005,,,,207.4896107730019,12.775390625
layer_sweep,layer_sweep__Gemma_4_E2B-it__to__InternVL3.5-8B-HF__l0__p0.75-0.25,T05,5,6,laptop,espresso,Gemma 4 E2B-it,InternVL3.5-8B-HF,0,0.75,0.25,30,30,0,0,0,0,,0.02053987979888916,0.018292734399437904,0.04152269661426544,0.037022363394498825,26.9877986907959,26.15935516357422,0.019495725631713867,0.0017188728088513017,-0.00173478526994586,-1.5912453818600625e-05,-6.04093074798584e-05,-0.01667274348437786,-0.01668865606188774,-1.5912453818600625e-05,-1.5912453818600625e-05,0.17740754783153534,0.24860152091342297,,,,208.1945134810012,12.775390625
layer_sweep,layer_sweep__Gemma_4_E2B-it__to__InternVL3.5-8B-HF__l0__p0.75-0.25,T07,7,8,volcano,rocking chair,Gemma 4 E2B-it,InternVL3.5-8B-HF,0,0.75,0.25,30,30,0,0,0,0,,0.02712102234363556,0.021996868774294853,0.0546448677778244,0.04443572461605072,25.8299503326416,25.830265045166016,0.03790408372879028,0.012596633285284042,-0.0007493654848076403,0.011847267858684063,0.010311037302017212,-0.03567210212349892,-0.02382483147084713,0.011847267858684063,0.011847267858684063,0.2078651636838913,0.17888269255466097,,,,209.5478170599963,12.775390625
layer_sweep,layer_sweep__Gemma_4_E2B-it__to__InternVL3.5-8B-HF__l0__p0.75-0.25,T09,9,10,soccer ball,school bus,Gemma 4 E2B-it,InternVL3.5-8B-HF,0,0.75,0.25,30,30,0,0,0,0,,0.028057223185896873,0.014637214131653309,0.0565045028924942,0.029678504914045334,25.67830467224121,26.757408142089844,0.019000232219696045,0.004441640805453062,-0.0016787906643003225,0.0027628501411527395,0.002075403928756714,-0.015634920448064804,-0.012872070074081421,0.0027628501411527395,0.0027628501411527395,0.18891645967960358,0.293413334942792,,,,210.61124630600534,12.775390625
layer_sweep,layer_sweep__Gemma_4_E2B-it__to__Gemma_4_E4B-it__l3__p0.75-0.25,T01,1,2,goldfish,monarch butterfly,Gemma 4 E2B-it,Gemma 4 E4B-it,3,0.75,0.25,30,30,0,0,0,0,,0.013740313239395618,0.011604906059801579,0.027872681617736816,0.023566236719489098,27.73090362548828,26.296092987060547,0.01898568868637085,-3.611246575019322e-05,0.0021865745075047016,0.002150462009012699,0.0018866360187530518,-0.01769728772342205,-0.015546826645731926,0.002150462009012699,0.002150462009012699,0.26484930515289307,0.32254924919035804,,,,234.22453112099902,12.775390625
layer_sweep,layer_sweep__Gemma_4_E2B-it__to__Gemma_4_E4B-it__l3__p0.75-0.25,T03,3,4,pineapple,acoustic guitar,Gemma 4 E2B-it,Gemma 4 E4B-it,3,0.75,0.25,30,30,0,0,0,0,,0.023905666545033455,0.014722772873938084,0.04824504628777504,0.029850417748093605,18.286163330078125,25.011240005493164,0.03270423412322998,0.008389327675104141,0.0012938459403812885,0.009683174081146717,0.008582383394241333,-0.029536642134189606,-0.019853468984365463,0.009683174081146717,0.009683174081146717,0.3102307617664337,0.18331396142259948,,,,231.43116585100506,12.775390625
layer_sweep,layer_sweep__Gemma_4_E2B-it__to__Gemma_4_E4B-it__l3__p0.75-0.25,T05,5,6,laptop,espresso,Gemma 4 E2B-it,Gemma 4 E4B-it,3,0.75,0.25,30,30,0,0,0,0,,0.012819773517549038,0.014162767678499222,0.02601718157529831,0.028723325580358505,26.098472595214844,25.805089950561523,0.01222902536392212,0.0036203721538186073,-0.0012217203620821238,0.0023986517917364836,0.002038031816482544,-0.010007870383560658,-0.00760921835899353,0.0023986517917364836,0.0023986517917364836,0.2799815833568573,0.360394649535891,,,,232.57967249800276,12.775390625
layer_sweep,layer_sweep__Gemma_4_E2B-it__to__Gemma_4_E4B-it__l3__p0.75-0.25,T07,7,8,volcano,rocking chair,Gemma 4 E2B-it,Gemma 4 E4B-it,3,0.75,0.25,30,30,0,0,0,0,,0.019367802888154984,0.015113559551537037,0.03917695954442024,0.030637145042419434,28.29238510131836,27.540597915649414,0.02183908224105835,0.002306948183104396,0.0047825356014072895,0.007089483551681042,0.006569892168045044,-0.020849129185080528,-0.013759644702076912,0.007089483551681042,0.007089483551681042,0.25103679299354553,0.15458998600990645,,,,233.80883439800527,12.775390625
layer_sweep,layer_sweep__Gemma_4_E2B-it__to__Gemma_4_E4B-it__l3__p0.75-0.25,T09,9,10,soccer ball,school bus,Gemma 4 E2B-it,Gemma 4 E4B-it,3,0.75,0.25,30,30,0,0,0,0,,0.016621073707938194,0.010192938148975372,0.03366765007376671,0.020713558420538902,23.42094612121582,27.576175689697266,0.009792685508728027,0.0008109291666187346,0.0008806486730463803,0.0016915778396651149,0.0016405284404754639,-0.00833234004676342,-0.006640762090682983,0.0016915778396651149,0.0016915778396651149,0.3302059769630432,0.49468017983054124,,,,233.55620667301264,12.775390625
layer_sweep,layer_sweep__InternVL3.5-2B-HF__to__Qwen3.5-4B__l11__p0.75-0.25,T01,1,2,goldfish,monarch butterfly,InternVL3.5-2B-HF,Qwen3.5-4B,11,0.75,0.25,30,30,26,0,26,0,0.0,4.672507566283457e-05,2.2569050997844897e-05,9.604614024283364e-05,4.605956928571686e-05,17.188682556152344,23.382614135742188,0.00010275840759277344,5.643367694574408e-05,-1.3814369594911113e-05,4.261930735083297e-05,3.781914710998535e-05,-0.00011654496483970433,-7.392565748887137e-05,4.261930735083297e-05,4.261930735083297e-05,0.5459592938423157,0.5182704788686402,,,,38.09064282500185,6.494140625
layer_sweep,layer_sweep__InternVL3.5-2B-HF__to__Qwen3.5-4B__l11__p0.75-0.25,T03,3,4,pineapple,acoustic guitar,InternVL3.5-2B-HF,Qwen3.5-4B,11,0.75,0.25,30,30,27,0,27,0,0.0,2.913301250373479e-05,4.215041917632334e-05,5.947613681200892e-05,8.597789565101266e-05,19.486711502075195,13.680599212646484,8.314847946166992e-05,-4.160404387221206e-06,1.2022256669297349e-05,7.861852282076143e-06,4.351139068603516e-06,-7.618268136866391e-05,-6.832082726759836e-05,7.861852282076143e-06,7.861852282076143e-06,0.7340016961097717,0.5759608802254266,,,,36.57662236200122,6.494140625
layer_sweep,layer_sweep__InternVL3.5-2B-HF__to__Qwen3.5-4B__l11__p0.75-0.25,T05,5,6,laptop,espresso,InternVL3.5-2B-HF,Qwen3.5-4B,11,0.75,0.25,30,30,15,0,15,0,0.0,4.718080163002014e-05,4.321460801293142e-05,9.642472286941484e-05,8.805088873486966e-05,28.272096633911133,24.968734741210938,4.410743713378906e-05,6.935993951628916e-06,-5.537271590583259e-06,1.3987223610456567e-06,9.834766387939453e-07,-4.0072201954899356e-05,-3.867347913910635e-05,1.3987223610456567e-06,1.3987223610456567e-06,0.7877373099327087,0.617269291673402,,,,37.045585012005176,6.494140625
layer_sweep,layer_sweep__InternVL3.5-2B-HF__to__Qwen3.5-4B__l11__p0.75-0.25,T07,7,8,volcano,rocking chair,InternVL3.5-2B-HF,Qwen3.5-4B,11,0.75,0.25,30,30,27,3,27,3,0.1111111111111111,6.774440407752991e-05,5.7614099205238745e-05,0.00013820648018736392,0.00011816418555099517,23.550779342651367,19.432998657226562,9.78708267211914e-05,6.184180529089645e-05,2.032915836025495e-05,8.217096183216199e-05,7.802248001098633e-05,-9.169777331408113e-05,-9.526808753435034e-06,8.217096183216199e-05,8.217096183216199e-05,0.8097611665725708,0.613081035087791,,,,37.10595233800268,6.494140625
layer_sweep,layer_sweep__InternVL3.5-2B-HF__to__Qwen3.5-4B__l11__p0.75-0.25,T09,9,10,soccer ball,school bus,InternVL3.5-2B-HF,Qwen3.5-4B,11,0.75,0.25,30,30,18,0,18,0,0.0,5.9424590290291235e-05,4.258875924278982e-05,0.00012155148579040542,8.739273471292108e-05,21.65464210510254,25.28047752380371,5.46574592590332e-05,8.501609045197256e-06,-2.388159373367671e-06,6.113449671829585e-06,4.649162292480469e-06,-5.1079194236081094e-05,-4.496574547374621e-05,6.113449671829585e-06,6.113449671829585e-06,0.7319856286048889,0.49472555991091377,,,,36.83602929900371,6.494140625
layer_sweep,layer_sweep__Gemma_4_E2B-it__to__Gemma_4_E4B-it__l15__p0.75-0.25,T01,1,2,goldfish,monarch butterfly,Gemma 4 E2B-it,Gemma 4 E4B-it,15,0.75,0.25,30,30,30,30,30,30,1.0,0.013740313239395618,0.011604906059801579,0.027872681617736816,0.023566236719489098,27.73090362548828,26.296092987060547,0.01898568868637085,0.02672484703361988,0.025470126420259476,0.05219497159123421,0.05236026644706726,-0.01769728772342205,0.03449768200516701,0.05219497159123421,0.05219497159123421,1.0,1.0,,,,324.7883252829997,12.775390625
layer_sweep,layer_sweep__Gemma_4_E2B-it__to__Gemma_4_E4B-it__l15__p0.75-0.25,T03,3,4,pineapple,acoustic guitar,Gemma 4 E2B-it,Gemma 4 E4B-it,15,0.75,0.25,30,30,30,30,30,30,1.0,0.023905666545033455,0.014722772873938084,0.04824504628777504,0.029850417748093605,18.286163330078125,25.011240005493164,0.03270423412322998,0.04647529870271683,0.03479640558362007,0.0812717154622078,0.0817112922668457,-0.029536642134189606,0.05173506215214729,0.0812717154622078,0.0812717154622078,1.0,1.0,,,,326.0849089419935,12.775390625
layer_sweep,layer_sweep__Gemma_4_E2B-it__to__Gemma_4_E4B-it__l15__p0.75-0.25,T05,5,6,laptop,espresso,Gemma 4 E2B-it,Gemma 4 E4B-it,15,0.75,0.25,30,30,30,30,30,30,1.0,0.012819773517549038,0.014162767678499222,0.02601718157529831,0.028723325580358505,26.098472595214844,25.805089950561523,0.01222902536392212,0.023745624348521233,0.006646907422691584,0.03039253130555153,0.029991984367370605,-0.010007870383560658,0.020384661853313446,0.03039253130555153,0.03039253130555153,1.0,0.9999999999999998,,,,325.2984364820004,12.775390625
layer_sweep,layer_sweep__Gemma_4_E2B-it__to__Gemma_4_E4B-it__l15__p0.75-0.25,T07,7,8,volcano,rocking chair,Gemma 4 E2B-it,Gemma 4 E4B-it,15,0.75,0.25,30,30,30,30,30,30,1.0,0.019367802888154984,0.015113559551537037,0.03917695954442024,0.030637145042419434,28.29238510131836,27.540597915649414,0.02183908224105835,0.036742910742759705,0.02113513834774494,0.0578780435025692,0.056752413511276245,-0.020849129185080528,0.03702891618013382,0.0578780435025692,0.0578780435025692,1.0,0.9999999999999998,,,,326.94641834699723,12.775390625
layer_sweep,layer_sweep__Gemma_4_E2B-it__to__Gemma_4_E4B-it__l15__p0.75-0.25,T09,9,10,soccer ball,school bus,Gemma 4 E2B-it,Gemma 4 E4B-it,15,0.75,0.25,30,30,30,30,30,30,1.0,0.016621073707938194,0.010192938148975372,0.03366765007376671,0.020713558420538902,23.42094612121582,27.576175689697266,0.009792685508728027,0.022736866027116776,0.0022145570255815983,0.024951422587037086,0.025011807680130005,-0.00833234004676342,0.016619082540273666,0.024951422587037086,0.024951422587037086,1.0,1.0,,,,327.6324468160019,12.775390625
layer_sweep,layer_sweep__InternVL3.5-2B-HF__to__InternVL3.5-4B-HF__l0__p0.75-0.25,T01,1,2,goldfish,monarch butterfly,InternVL3.5-2B-HF,InternVL3.5-4B-HF,0,0.75,0.25,30,30,0,0,0,0,,0.018277516588568687,0.015552443452179432,0.03699168935418129,0.03151911497116089,23.250425338745117,23.017000198364258,0.03345024585723877,0.0030536195263266563,-2.372264862060547e-05,0.003029896877706051,0.0034284591674804688,-0.03185735642910004,-0.02882745862007141,0.003029896877706051,0.003029896877706051,0.2928559482097626,0.32510842195311723,,,,30.48717464999936,6.494140625
layer_sweep,layer_sweep__InternVL3.5-2B-HF__to__InternVL3.5-4B-HF__l0__p0.75-0.25,T03,3,4,pineapple,acoustic guitar,InternVL3.5-2B-HF,InternVL3.5-4B-HF,0,0.75,0.25,30,30,0,0,0,0,,0.018692610785365105,0.01706230640411377,0.03782397136092186,0.034553658217191696,19.53386878967285,20.959590911865234,0.034928858280181885,0.0008068660972639918,-0.0010226150043308735,-0.00021574895072262734,-0.0005522966384887695,-0.03069295361638069,-0.030908701941370964,-0.00021574895072262734,-0.00021574895072262734,0.2690223753452301,0.32033556378029693,,,,28.60669811000116,6.494140625
layer_sweep,layer_sweep__InternVL3.5-2B-HF__to__InternVL3.5-4B-HF__l0__p0.75-0.25,T05,5,6,laptop,espresso,InternVL3.5-2B-HF,InternVL3.5-4B-HF,0,0.75,0.25,30,30,0,0,0,0,,0.01757832244038582,0.015817342326045036,0.0355890728533268,0.032052259892225266,25.883657455444336,25.70859146118164,0.016745686531066895,0.0026970088947564363,-0.002240004250779748,0.0004570047021843493,0.0002237558364868164,-0.01491737924516201,-0.014460374601185322,0.0004570047021843493,0.0004570047021843493,0.2475278526544571,0.2245995835355451,,,,30.10742864200438,6.494140625
layer_sweep,layer_sweep__InternVL3.5-2B-HF__to__InternVL3.5-4B-HF__l0__p0.75-0.25,T07,7,8,volcano,rocking chair,InternVL3.5-2B-HF,InternVL3.5-4B-HF,0,0.75,0.25,30,30,0,0,0,0,,0.024615293368697166,0.0194703321903944,0.04965941607952118,0.039382047951221466,25.798168182373047,24.553497314453125,0.03867542743682861,0.009075397625565529,-0.001832256675697863,0.0072431406006217,0.005452960729598999,-0.0372035913169384,-0.029960451647639275,0.0072431406006217,0.0072431406006217,0.2511371672153473,0.24658335544221627,,,,29.736307893996127,6.494140625
layer_sweep,layer_sweep__InternVL3.5-2B-HF__to__InternVL3.5-4B-HF__l0__p0.75-0.25,T09,9,10,soccer ball,school bus,InternVL3.5-2B-HF,InternVL3.5-4B-HF,0,0.75,0.25,30,30,0,0,0,0,,0.020641259849071503,0.013044964522123337,0.041725561022758484,0.026471422985196114,26.198646545410156,25.632814407348633,0.015559911727905273,0.0032711545936763287,-0.0013613839400932193,0.0019097705371677876,0.0015754997730255127,-0.01361780147999525,-0.01170803140848875,0.0019097705371677876,0.0019097705371677876,0.24161365628242493,0.22817078492477103,,,,29.027750229994126,6.494140625
layer_sweep,layer_sweep__InternVL3.5-2B-HF__to__InternVL3.5-4B-HF__l17__p0.75-0.25,T01,1,2,goldfish,monarch butterfly,InternVL3.5-2B-HF,InternVL3.5-4B-HF,17,0.75,0.25,30,30,30,27,30,27,0.9,0.018277516588568687,0.015552443452179432,0.03699168935418129,0.03151911497116089,23.250425338745117,23.017000198364258,0.03345024585723877,0.021379606798291206,0.013967444188892841,0.035347048193216324,0.037292689085006714,-0.03185735642910004,0.0034896950237452984,0.035347048193216324,0.035347048193216324,0.9522922039031982,0.8472959168107534,,,,40.389418591999856,6.494140625
layer_sweep,layer_sweep__InternVL3.5-2B-HF__to__InternVL3.5-4B-HF__l17__p0.75-0.25,T03,3,4,pineapple,acoustic guitar,InternVL3.5-2B-HF,InternVL3.5-4B-HF,17,0.75,0.25,30,30,30,9,30,9,0.3,0.018692610785365105,0.01706230640411377,0.03782397136092186,0.034553658217191696,19.53386878967285,20.959590911865234,0.034928858280181885,0.014649389311671257,0.010497788898646832,0.025147177278995514,0.02529051899909973,-0.03069295361638069,-0.005545774940401316,0.025147177278995514,0.025147177278995514,0.9646772742271423,0.9135339474589245,,,,39.06616700500308,6.494140625
layer_sweep,layer_sweep__InternVL3.5-2B-HF__to__InternVL3.5-4B-HF__l17__p0.75-0.25,T05,5,6,laptop,espresso,InternVL3.5-2B-HF,InternVL3.5-4B-HF,17,0.75,0.25,30,30,29,6,29,6,0.20689655172413793,0.01757832244038582,0.015817342326045036,0.0355890728533268,0.032052259892225266,25.883657455444336,25.70859146118164,0.016745686531066895,0.011023763567209244,-0.002515564439818263,0.008508199825882912,0.00745236873626709,-0.01491737924516201,-0.006409180350601673,0.008508199825882912,0.008508199825882912,0.9473710060119629,0.826919564852216,,,,39.983098185992276,6.494140625
layer_sweep,layer_sweep__InternVL3.5-2B-HF__to__InternVL3.5-4B-HF__l17__p0.75-0.25,T07,7,8,volcano,rocking chair,InternVL3.5-2B-HF,InternVL3.5-4B-HF,17,0.75,0.25,30,30,30,22,30,22,0.7333333333333333,0.024615293368697166,0.0194703321903944,0.04965941607952118,0.039382047951221466,25.798168182373047,24.553497314453125,0.03867542743682861,0.035102423280477524,0.013118421658873558,0.048220839351415634,0.046018779277801514,-0.0372035913169384,0.011017252691090107,0.048220839351415634,0.048220839351415634,0.9606459140777588,0.8865313362402674,,,,40.51489489200321,6.494140625
layer_sweep,layer_sweep__InternVL3.5-2B-HF__to__InternVL3.5-4B-HF__l17__p0.75-0.25,T09,9,10,soccer ball,school bus,InternVL3.5-2B-HF,InternVL3.5-4B-HF,17,0.75,0.25,30,30,30,2,30,2,0.06666666666666667,0.020641259849071503,0.013044964522123337,0.041725561022758484,0.026471422985196114,26.198646545410156,25.632814407348633,0.015559911727905273,0.010648385621607304,-0.0010134160984307528,0.009634969756007195,0.009159982204437256,-0.01361780147999525,-0.0039828321896493435,0.009634969756007195,0.009634969756007195,0.9348904490470886,0.7669249273592251,,,,39.95550757300225,6.494140625
layer_sweep,layer_sweep__Qwen3.5-2B__to__Gemma_4_E4B-it__l5__p0.75-0.25,T01,1,2,goldfish,monarch butterfly,Qwen3.5-2B,Gemma 4 E4B-it,5,0.75,0.25,30,30,0,0,0,0,,0.013740313239395618,0.011604906059801579,0.027872681617736816,0.023566236719489098,27.73090362548828,26.296092987060547,0.01898568868637085,0.0008973936201073229,0.001452503609471023,0.002349897287786007,0.002520740032196045,-0.01769728772342205,-0.015347391366958618,0.002349897287786007,0.002349897287786007,0.2426636666059494,0.2556092837394244,,,,22.394653025010484,5.41796875
layer_sweep,layer_sweep__Qwen3.5-2B__to__Gemma_4_E4B-it__l5__p0.75-0.25,T03,3,4,pineapple,acoustic guitar,Qwen3.5-2B,Gemma 4 E4B-it,5,0.75,0.25,30,30,0,0,0,0,,0.023905666545033455,0.014722772873938084,0.04824504628777504,0.029850417748093605,18.286163330078125,25.011240005493164,0.03270423412322998,0.019843820482492447,0.0010006626835092902,0.020844483748078346,0.017445474863052368,-0.029536642134189606,-0.008692159317433834,0.020844483748078346,0.020844483748078346,0.27651742100715637,0.19895100390191964,,,,20.81218338799954,5.41796875
layer_sweep,layer_sweep__Qwen3.5-2B__to__Gemma_4_E4B-it__l5__p0.75-0.25,T05,5,6,laptop,espresso,Qwen3.5-2B,Gemma 4 E4B-it,5,0.75,0.25,30,30,0,0,0,0,,0.012819773517549038,0.014162767678499222,0.02601718157529831,0.028723325580358505,26.098472595214844,25.805089950561523,0.01222902536392212,0.003942708019167185,0.00022186239948496222,0.004164570476859808,0.00373879075050354,-0.010007870383560658,-0.005843299441039562,0.004164570476859808,0.004164570476859808,0.2972452640533447,0.38036493848575986,,,,21.360879088999354,5.41796875
layer_sweep,layer_sweep__Qwen3.5-2B__to__Gemma_4_E4B-it__l5__p0.75-0.25,T07,7,8,volcano,rocking chair,Qwen3.5-2B,Gemma 4 E4B-it,5,0.75,0.25,30,30,0,0,0,0,,0.019367802888154984,0.015113559551537037,0.03917695954442024,0.030637145042419434,28.29238510131836,27.540597915649414,0.02183908224105835,0.011991123668849468,0.003352179192006588,0.015343302860856056,0.014253795146942139,-0.020849129185080528,-0.005505825858563185,0.015343302860856056,0.015343302860856056,0.2568211853504181,0.19599506711922232,,,,21.609172481003043,5.41796875
layer_sweep,layer_sweep__Qwen3.5-2B__to__Gemma_4_E4B-it__l5__p0.75-0.25,T09,9,10,soccer ball,school bus,Qwen3.5-2B,Gemma 4 E4B-it,5,0.75,0.25,30,30,0,0,0,0,,0.016621073707938194,0.010192938148975372,0.03366765007376671,0.020713558420538902,23.42094612121582,27.576175689697266,0.009792685508728027,0.0045080543495714664,-0.0005422234535217285,0.003965830896049738,0.0033423006534576416,-0.00833234004676342,-0.004366509150713682,0.003965830896049738,0.003965830896049738,0.3154867887496948,0.4252781840152666,,,,21.262366855997243,5.41796875
layer_sweep,layer_sweep__InternVL3.5-2B-HF__to__InternVL3.5-4B-HF__l11__p0.75-0.25,T01,1,2,goldfish,monarch butterfly,InternVL3.5-2B-HF,InternVL3.5-4B-HF,11,0.75,0.25,30,30,26,11,26,11,0.4230769230769231,0.018277516588568687,0.015552443452179432,0.03699168935418129,0.03151911497116089,23.250425338745117,23.017000198364258,0.03345024585723877,0.016427619382739067,0.006324829533696175,0.02275245077908039,0.022828012704849243,-0.03185735642910004,-0.009104905650019646,0.02275245077908039,0.02275245077908039,0.6780881881713867,0.6154996164205451,,,,37.96075027400366,6.494140625
layer_sweep,layer_sweep__InternVL3.5-2B-HF__to__InternVL3.5-4B-HF__l11__p0.75-0.25,T03,3,4,pineapple,acoustic guitar,InternVL3.5-2B-HF,InternVL3.5-4B-HF,11,0.75,0.25,30,30,25,0,25,0,0.0,0.018692610785365105,0.01706230640411377,0.03782397136092186,0.034553658217191696,19.53386878967285,20.959590911865234,0.034928858280181885,0.012730181217193604,0.009496774524450302,0.022226955741643906,0.021038562059402466,-0.03069295361638069,-0.008465996943414211,0.022226955741643906,0.022226955741643906,0.8278293013572693,0.7641901156975012,,,,35.56400311899779,6.494140625
layer_sweep,layer_sweep__InternVL3.5-2B-HF__to__InternVL3.5-4B-HF__l11__p0.75-0.25,T05,5,6,laptop,espresso,InternVL3.5-2B-HF,InternVL3.5-4B-HF,11,0.75,0.25,30,30,13,2,13,2,0.15384615384615385,0.01757832244038582,0.015817342326045036,0.0355890728533268,0.032052259892225266,25.883657455444336,25.70859146118164,0.016745686531066895,0.010119269602000713,-0.0010790963424369693,0.009040173143148422,0.0081082284450531,-0.01491737924516201,-0.005877206567674875,0.009040173143148422,0.009040173143148422,0.8291575312614441,0.681478656157448,,,,35.85686125700886,6.494140625
layer_sweep,layer_sweep__InternVL3.5-2B-HF__to__InternVL3.5-4B-HF__l11__p0.75-0.25,T07,7,8,volcano,rocking chair,InternVL3.5-2B-HF,InternVL3.5-4B-HF,11,0.75,0.25,30,30,25,17,25,17,0.68,0.024615293368697166,0.0194703321903944,0.04965941607952118,0.039382047951221466,25.798168182373047,24.553497314453125,0.03867542743682861,0.03817222639918327,0.017049739137291908,0.05522196367383003,0.056921303272247314,-0.0372035913169384,0.018018372356891632,0.05522196367383003,0.05522196367383003,0.8307161927223206,0.7295705654723655,,,,35.897454748999735,6.494140625
layer_sweep,layer_sweep__InternVL3.5-2B-HF__to__InternVL3.5-4B-HF__l11__p0.75-0.25,T09,9,10,soccer ball,school bus,InternVL3.5-2B-HF,InternVL3.5-4B-HF,11,0.75,0.25,30,30,17,5,17,5,0.29411764705882354,0.020641259849071503,0.013044964522123337,0.041725561022758484,0.026471422985196114,26.198646545410156,25.632814407348633,0.015559911727905273,0.011987107805907726,0.001845578313805163,0.013832686468958855,0.012508004903793335,-0.01361780147999525,0.00021488468337338418,0.013832686468958855,0.013832686468958855,0.7977343201637268,0.6831224778811863,,,,35.33321785199951,6.494140625
layer_sweep,layer_sweep__InternVL3.5-2B-HF__to__InternVL3.5-4B-HF__l5__p0.75-0.25,T01,1,2,goldfish,monarch butterfly,InternVL3.5-2B-HF,InternVL3.5-4B-HF,5,0.75,0.25,30,30,0,0,0,0,,0.018277516588568687,0.015552443452179432,0.03699168935418129,0.03151911497116089,23.250425338745117,23.017000198364258,0.03345024585723877,0.0033886015880852938,0.0019119302742183208,0.005300531629472971,0.0036046504974365234,-0.03185735642910004,-0.026556823402643204,0.005300531629472971,0.005300531629472971,0.48900601267814636,0.43393991078505123,,,,34.37335938400065,6.494140625
layer_sweep,layer_sweep__InternVL3.5-2B-HF__to__InternVL3.5-4B-HF__l5__p0.75-0.25,T03,3,4,pineapple,acoustic guitar,InternVL3.5-2B-HF,InternVL3.5-4B-HF,5,0.75,0.25,30,30,0,0,0,0,,0.018692610785365105,0.01706230640411377,0.03782397136092186,0.034553658217191696,19.53386878967285,20.959590911865234,0.034928858280181885,0.006495344452559948,-0.0006248176214285195,0.005870527122169733,0.0040562450885772705,-0.03069295361638069,-0.024822425097227097,0.005870527122169733,0.005870527122169733,0.6870188117027283,0.6123517367343468,,,,32.93363179099106,6.494140625
layer_sweep,layer_sweep__InternVL3.5-2B-HF__to__InternVL3.5-4B-HF__l5__p0.75-0.25,T05,5,6,laptop,espresso,InternVL3.5-2B-HF,InternVL3.5-4B-HF,5,0.75,0.25,30,30,0,0,0,0,,0.01757832244038582,0.015817342326045036,0.0355890728533268,0.032052259892225266,25.883657455444336,25.70859146118164,0.016745686531066895,0.003628754522651434,-0.0011114398948848248,0.002517314860597253,0.0024781525135040283,-0.01491737924516201,-0.012400064617395401,0.002517314860597253,0.002517314860597253,0.49333611130714417,0.3557561135452521,,,,33.23237291199621,6.494140625
layer_sweep,layer_sweep__InternVL3.5-2B-HF__to__InternVL3.5-4B-HF__l5__p0.75-0.25,T07,7,8,volcano,rocking chair,InternVL3.5-2B-HF,InternVL3.5-4B-HF,5,0.75,0.25,30,30,0,0,0,0,,0.024615293368697166,0.0194703321903944,0.04965941607952118,0.039382047951221466,25.798168182373047,24.553497314453125,0.03867542743682861,0.02099713683128357,0.0005651533720083535,0.02156228944659233,0.023279517889022827,-0.0372035913169384,-0.01564130187034607,0.02156228944659233,0.02156228944659233,0.507908046245575,0.4135454737428045,,,,33.38354708800034,6.494140625
layer_sweep,layer_sweep__InternVL3.5-2B-HF__to__InternVL3.5-4B-HF__l5__p0.75-0.25,T09,9,10,soccer ball,school bus,InternVL3.5-2B-HF,InternVL3.5-4B-HF,5,0.75,0.25,30,30,0,0,0,0,,0.020641259849071503,0.013044964522123337,0.041725561022758484,0.026471422985196114,26.198646545410156,25.632814407348633,0.015559911727905273,0.006751720327883959,-0.0016676386585459113,0.005084081552922726,0.005340367555618286,-0.01361780147999525,-0.008533719927072525,0.005084081552922726,0.005084081552922726,0.5399320721626282,0.5118596512325415,,,,33.328754139009106,6.494140625
layer_sweep,layer_sweep__Qwen3.5-2B__to__Qwen3.5-4B__l11__p0.75-0.25,T01,1,2,goldfish,monarch butterfly,Qwen3.5-2B,Qwen3.5-4B,11,0.75,0.25,30,30,28,23,28,23,0.8214285714285714,4.672507566283457e-05,2.2569050997844897e-05,9.604614024283364e-05,4.605956928571686e-05,17.188682556152344,23.382614135742188,0.00010275840759277344,0.00011638601426966488,4.676381649915129e-05,0.00016314983076881617,0.00015684962272644043,-0.00011654496483970433,4.660487320506945e-05,0.00016314983076881617,0.00016314983076881617,0.250129371881485,0.33894246953887097,,,,24.219812864001142,5.41796875
layer_sweep,layer_sweep__Qwen3.5-2B__to__Qwen3.5-4B__l11__p0.75-0.25,T03,3,4,pineapple,acoustic guitar,Qwen3.5-2B,Qwen3.5-4B,11,0.75,0.25,30,30,29,28,29,28,0.9655172413793104,2.913301250373479e-05,4.215041917632334e-05,5.947613681200892e-05,8.597789565101266e-05,19.486711502075195,13.680599212646484,8.314847946166992e-05,4.1510662413202226e-05,6.192922592163086e-05,0.00010343988833483309,0.00010251998901367188,-7.618268136866391e-05,2.725720332819037e-05,0.00010343988833483309,0.00010343988833483309,0.46884027123451233,0.46913096608397015,,,,22.30864037200081,5.41796875
layer_sweep,layer_sweep__Qwen3.5-2B__to__Qwen3.5-4B__l11__p0.75-0.25,T05,5,6,laptop,espresso,Qwen3.5-2B,Qwen3.5-4B,11,0.75,0.25,30,30,10,8,10,8,0.8,4.718080163002014e-05,4.321460801293142e-05,9.642472286941484e-05,8.805088873486966e-05,28.272096633911133,24.968734741210938,4.410743713378906e-05,4.126826752326451e-05,4.911422820441658e-06,4.617969170794822e-05,4.494190216064453e-05,-4.0072201954899356e-05,6.107489298301516e-06,4.617969170794822e-05,4.617969170794822e-05,0.4357205927371979,0.4310647607130779,,,,22.922794067002542,5.41796875
layer_sweep,layer_sweep__Qwen3.5-2B__to__Qwen3.5-4B__l11__p0.75-0.25,T07,7,8,volcano,rocking chair,Qwen3.5-2B,Qwen3.5-4B,11,0.75,0.25,30,30,28,28,28,28,1.0,6.774440407752991e-05,5.7614099205238745e-05,0.00013820648018736392,0.00011816418555099517,23.550779342651367,19.432998657226562,9.78708267211914e-05,0.0001066346958396025,5.121429785504006e-05,0.00015784899005666375,0.00016245245933532715,-9.169777331408113e-05,6.615122401854023e-05,0.00015784899005666375,0.00015784899005666375,0.39566749334335327,0.3192646431462955,,,,22.74735437399795,5.41796875
layer_sweep,layer_sweep__Qwen3.5-2B__to__Qwen3.5-4B__l11__p0.75-0.25,T09,9,10,soccer ball,school bus,Qwen3.5-2B,Qwen3.5-4B,11,0.75,0.25,30,30,17,16,17,16,0.9411764705882353,5.9424590290291235e-05,4.258875924278982e-05,0.00012155148579040542,8.739273471292108e-05,21.65464210510254,25.28047752380371,5.46574592590332e-05,1.827677078836132e-05,3.5788616514764726e-05,5.406538548413664e-05,5.21540641784668e-05,-5.1079194236081094e-05,2.9861926122976e-06,5.406538548413664e-05,5.406538548413664e-05,0.3895244598388672,0.31863001006306446,,,,22.95010324199393,5.41796875
layer_sweep,layer_sweep__InternVL3.5-2B-HF__to__Qwen3.5-4B__l0__p0.75-0.25,T01,1,2,goldfish,monarch butterfly,InternVL3.5-2B-HF,Qwen3.5-4B,0,0.75,0.25,30,30,0,0,0,0,,4.672507566283457e-05,2.2569050997844897e-05,9.604614024283364e-05,4.605956928571686e-05,17.188682556152344,23.382614135742188,0.00010275840759277344,3.517866207403131e-05,-1.3361374840314966e-05,2.181728632422164e-05,1.9609928131103516e-05,-0.00011654496483970433,-9.47276785154827e-05,2.181728632422164e-05,2.181728632422164e-05,0.25367438793182373,0.28391318625076595,,,,31.41757938399678,6.494140625
layer_sweep,layer_sweep__InternVL3.5-2B-HF__to__Qwen3.5-4B__l0__p0.75-0.25,T03,3,4,pineapple,acoustic guitar,InternVL3.5-2B-HF,Qwen3.5-4B,0,0.75,0.25,30,30,0,0,0,0,,2.913301250373479e-05,4.215041917632334e-05,5.947613681200892e-05,8.597789565101266e-05,19.486711502075195,13.680599212646484,8.314847946166992e-05,-6.079673653403006e-07,4.132588742322696e-07,-1.9470850531888573e-07,-1.5497207641601562e-06,-7.618268136866391e-05,-7.637739327037707e-05,-1.9470850531888573e-07,-1.9470850531888573e-07,0.3917476236820221,0.41325985099476825,,,,28.994590957001492,6.494140625
layer_sweep,layer_sweep__InternVL3.5-2B-HF__to__Qwen3.5-4B__l0__p0.75-0.25,T05,5,6,laptop,espresso,InternVL3.5-2B-HF,Qwen3.5-4B,0,0.75,0.25,30,30,0,0,0,0,,4.718080163002014e-05,4.321460801293142e-05,9.642472286941484e-05,8.805088873486966e-05,28.272096633911133,24.968734741210938,4.410743713378906e-05,4.080931375938235e-06,-3.850459961540764e-06,2.3047128649977822e-07,1.1920928955078125e-06,-4.0072201954899356e-05,-3.984173235949129e-05,2.3047128649977822e-07,2.3047128649977822e-07,0.33706390857696533,0.3754306562751937,,,,30.739401818995248,6.494140625
layer_sweep,layer_sweep__InternVL3.5-2B-HF__to__Qwen3.5-4B__l0__p0.75-0.25,T07,7,8,volcano,rocking chair,InternVL3.5-2B-HF,Qwen3.5-4B,0,0.75,0.25,30,30,0,0,0,0,,6.774440407752991e-05,5.7614099205238745e-05,0.00013820648018736392,0.00011816418555099517,23.550779342651367,19.432998657226562,9.78708267211914e-05,4.09603126172442e-05,-1.1452038961579092e-05,2.9508273655665107e-05,2.5451183319091797e-05,-9.169777331408113e-05,-6.218950147740543e-05,2.9508273655665107e-05,2.9508273655665107e-05,0.3731740117073059,0.31110689710298306,,,,30.646534944004088,6.494140625
layer_sweep,layer_sweep__InternVL3.5-2B-HF__to__Qwen3.5-4B__l0__p0.75-0.25,T09,9,10,soccer ball,school bus,InternVL3.5-2B-HF,Qwen3.5-4B,0,0.75,0.25,30,30,0,0,0,0,,5.9424590290291235e-05,4.258875924278982e-05,0.00012155148579040542,8.739273471292108e-05,21.65464210510254,25.28047752380371,5.46574592590332e-05,3.1908352866594214e-06,-3.703435368151986e-06,-5.125999678057269e-07,-1.4901161193847656e-06,-5.1079194236081094e-05,-5.159179272595793e-05,-5.125999678057269e-07,-5.125999678057269e-07,0.32016900181770325,0.20821988527977775,,,,30.028529350995086,6.494140625
layer_sweep,layer_sweep__InternVL3.5-2B-HF__to__Qwen3.5-4B__l5__p0.75-0.25,T01,1,2,goldfish,monarch butterfly,InternVL3.5-2B-HF,Qwen3.5-4B,5,0.75,0.25,30,30,0,0,0,0,,4.672507566283457e-05,2.2569050997844897e-05,9.604614024283364e-05,4.605956928571686e-05,17.188682556152344,23.382614135742188,0.00010275840759277344,6.157755706226453e-05,-1.4793872651353013e-05,4.6783687139395624e-05,4.118680953979492e-05,-0.00011654496483970433,-6.976127770030871e-05,4.6783687139395624e-05,4.6783687139395624e-05,0.39535945653915405,0.4058986113387422,,,,34.5916031910092,6.494140625
layer_sweep,layer_sweep__InternVL3.5-2B-HF__to__Qwen3.5-4B__l5__p0.75-0.25,T03,3,4,pineapple,acoustic guitar,InternVL3.5-2B-HF,Qwen3.5-4B,5,0.75,0.25,30,30,0,0,0,0,,2.913301250373479e-05,4.215041917632334e-05,5.947613681200892e-05,8.597789565101266e-05,19.486711502075195,13.680599212646484,8.314847946166992e-05,4.450480162176973e-07,2.4636585749249207e-06,2.9087066195643274e-06,2.592802047729492e-06,-7.618268136866391e-05,-7.327397906919941e-05,2.9087066195643274e-06,2.9087066195643274e-06,0.6389913558959961,0.5372533809108042,,,,32.83920477498759,6.494140625
layer_sweep,layer_sweep__InternVL3.5-2B-HF__to__Qwen3.5-4B__l5__p0.75-0.25,T05,5,6,laptop,espresso,InternVL3.5-2B-HF,Qwen3.5-4B,5,0.75,0.25,30,30,0,0,0,0,,4.718080163002014e-05,4.321460801293142e-05,9.642472286941484e-05,8.805088873486966e-05,28.272096633911133,24.968734741210938,4.410743713378906e-05,1.0879834917432163e-05,-9.085734745895024e-06,1.7940998304766254e-06,1.8477439880371094e-06,-4.0072201954899356e-05,-3.827810360235162e-05,1.7940998304766254e-06,1.7940998304766254e-06,0.49283668398857117,0.35508017391293195,,,,32.316430483995646,6.494140625
layer_sweep,layer_sweep__InternVL3.5-2B-HF__to__Qwen3.5-4B__l5__p0.75-0.25,T07,7,8,volcano,rocking chair,InternVL3.5-2B-HF,Qwen3.5-4B,5,0.75,0.25,30,30,0,0,0,0,,6.774440407752991e-05,5.7614099205238745e-05,0.00013820648018736392,0.00011816418555099517,23.550779342651367,19.432998657226562,9.78708267211914e-05,6.232062878552824e-05,-7.947286384535346e-09,6.231268343981355e-05,6.374716758728027e-05,-9.169777331408113e-05,-2.9385089874267578e-05,6.231268343981355e-05,6.231268343981355e-05,0.5687416195869446,0.4173486327697593,,,,33.28354146399215,6.494140625
layer_sweep,layer_sweep__InternVL3.5-2B-HF__to__Qwen3.5-4B__l5__p0.75-0.25,T09,9,10,soccer ball,school bus,InternVL3.5-2B-HF,Qwen3.5-4B,5,0.75,0.25,30,30,0,0,0,0,,5.9424590290291235e-05,4.258875924278982e-05,0.00012155148579040542,8.739273471292108e-05,21.65464210510254,25.28047752380371,5.46574592590332e-05,1.6309817510773428e-05,-1.2401739695633296e-05,3.908077815140132e-06,1.6093254089355469e-06,-5.1079194236081094e-05,-4.7171117330435663e-05,3.908077815140132e-06,3.908077815140132e-06,0.5049216151237488,0.36591925172836576,,,,33.25881141900027,6.494140625
ablation,ablation__Qwen3.5-2B__to__Qwen3.5-4B__l23__p0.75-0.25,T01,1,2,goldfish,monarch butterfly,Qwen3.5-2B,Qwen3.5-4B,23,0.75,0.25,30,30,30,29,30,29,0.9666666666666667,4.672507566283457e-05,2.2569050997844897e-05,9.604614024283364e-05,4.605956928571686e-05,17.188682556152344,23.382614135742188,0.00010275840759277344,0.0001368721277685836,6.030400618328713e-05,0.00019717613758984953,0.0001951754093170166,-0.00011654496483970433,8.063118002610281e-05,0.00019717613758984953,0.00019717613758984953,0.9572506546974182,0.919183994272392,,,,26.768489711001166,5.4453125
ablation,ablation__Qwen3.5-2B__to__Qwen3.5-4B__l23__p0.75-0.25,T03,3,4,pineapple,acoustic guitar,Qwen3.5-2B,Qwen3.5-4B,23,0.75,0.25,30,30,29,16,29,16,0.5517241379310345,2.913301250373479e-05,4.215041917632334e-05,5.947613681200892e-05,8.597789565101266e-05,19.486711502075195,13.680599212646484,8.314847946166992e-05,3.066063072765246e-05,4.1673582018120214e-05,7.233420910779387e-05,7.134675979614258e-05,-7.618268136866391e-05,-3.848473170364741e-06,7.233420910779387e-05,7.233420910779387e-05,0.9611946940422058,0.9094387122705928,,,,25.698927434015786,5.4453125
ablation,ablation__Qwen3.5-2B__to__Qwen3.5-4B__l23__p0.75-0.25,T05,5,6,laptop,espresso,Qwen3.5-2B,Qwen3.5-4B,23,0.75,0.25,30,30,12,6,12,6,0.5,4.718080163002014e-05,4.321460801293142e-05,9.642472286941484e-05,8.805088873486966e-05,28.272096633911133,24.968734741210938,4.410743713378906e-05,4.735390393761918e-05,-2.1813313651364297e-05,2.5540590286254883e-05,2.4437904357910156e-05,-4.0072201954899356e-05,-1.4531612578139175e-05,2.5540590286254883e-05,2.5540590286254883e-05,0.9238079786300659,0.8302092751133474,,,,25.84075062299962,5.4453125
ablation,ablation__Qwen3.5-2B__to__Qwen3.5-4B__l23__p0.75-0.25,T07,7,8,volcano,rocking chair,Qwen3.5-2B,Qwen3.5-4B,23,0.75,0.25,30,30,30,30,30,30,1.0,6.774440407752991e-05,5.7614099205238745e-05,0.00013820648018736392,0.00011816418555099517,23.550779342651367,19.432998657226562,9.78708267211914e-05,0.00011114477820228785,4.5675038563786075e-05,0.00015681982040405273,0.00015753507614135742,-9.169777331408113e-05,6.51220470899716e-05,0.00015681982040405273,0.00015681982040405273,0.9635360836982727,0.895682610392392,,,,26.45012758100347,5.4453125
ablation,ablation__Qwen3.5-2B__to__Qwen3.5-4B__l23__p0.75-0.25,T09,9,10,soccer ball,school bus,Qwen3.5-2B,Qwen3.5-4B,23,0.75,0.25,30,30,25,10,25,10,0.4,5.9424590290291235e-05,4.258875924278982e-05,0.00012155148579040542,8.739273471292108e-05,21.65464210510254,25.28047752380371,5.46574592590332e-05,3.95754977944307e-05,-2.876917506000609e-06,3.669858051580377e-05,3.692507743835449e-05,-5.1079194236081094e-05,-1.4380613720277324e-05,3.669858051580377e-05,3.669858051580377e-05,0.9427202939987183,0.8640513607699123,,,,26.891156273995875,5.4453125
ablation,ablation__Gemma_4_E2B-it__to__Gemma_4_E4B-it__l15__p0.75-0.25,T01,1,2,goldfish,monarch butterfly,Gemma 4 E2B-it,Gemma 4 E4B-it,15,0.75,0.25,30,30,30,30,30,30,1.0,0.013740313239395618,0.011604906059801579,0.027872681617736816,0.023566236719489098,27.73090362548828,26.296092987060547,0.01898568868637085,0.02656322717666626,0.02597878687083721,0.05254201591014862,0.05247122049331665,-0.01769728772342205,0.03484472259879112,0.05254201591014862,0.05254201591014862,1.0,1.0,,,,345.92847703798907,12.775390625
ablation,ablation__Gemma_4_E2B-it__to__Gemma_4_E4B-it__l15__p0.75-0.25,T03,3,4,pineapple,acoustic guitar,Gemma 4 E2B-it,Gemma 4 E4B-it,15,0.75,0.25,30,30,30,30,30,30,1.0,0.023905666545033455,0.014722772873938084,0.04824504628777504,0.029850417748093605,18.286163330078125,25.011240005493164,0.03270423412322998,0.04634987562894821,0.03517131879925728,0.08152119070291519,0.08167770504951477,-0.029536642134189606,0.051984548568725586,0.08152119070291519,0.08152119070291519,1.0,1.0,,,,343.8808205390087,12.775390625
ablation,ablation__Gemma_4_E2B-it__to__Gemma_4_E4B-it__l15__p0.75-0.25,T05,5,6,laptop,espresso,Gemma 4 E2B-it,Gemma 4 E4B-it,15,0.75,0.25,30,30,30,30,30,30,1.0,0.012819773517549038,0.014162767678499222,0.02601718157529831,0.028723325580358505,26.098472595214844,25.805089950561523,0.01222902536392212,0.023674272000789642,0.006866596173495054,0.030540866777300835,0.030077964067459106,-0.010007870383560658,0.020532997325062752,0.030540866777300835,0.030540866777300835,1.0,0.9999999999999998,,,,346.1946757049882,12.775390625
ablation,ablation__Gemma_4_E2B-it__to__Gemma_4_E4B-it__l15__p0.75-0.25,T07,7,8,volcano,rocking chair,Gemma 4 E2B-it,Gemma 4 E4B-it,15,0.75,0.25,30,30,30,30,30,30,1.0,0.019367802888154984,0.015113559551537037,0.03917695954442024,0.030637145042419434,28.29238510131836,27.540597915649414,0.02183908224105835,0.03674637898802757,0.021165447309613228,0.05791182443499565,0.056545764207839966,-0.020849129185080528,0.037062689661979675,0.05791182443499565,0.05791182443499565,1.0,0.9999999999999998,,,,343.1263208349992,12.775390625
ablation,ablation__Gemma_4_E2B-it__to__Gemma_4_E4B-it__l15__p0.75-0.25,T09,9,10,soccer ball,school bus,Gemma 4 E2B-it,Gemma 4 E4B-it,15,0.75,0.25,30,30,30,30,30,30,1.0,0.016621073707938194,0.010192938148975372,0.03366765007376671,0.020713558420538902,23.42094612121582,27.576175689697266,0.009792685508728027,0.02275950461626053,0.0021404563449323177,0.024899961426854134,0.02514404058456421,-0.00833234004676342,0.016567621380090714,0.024899961426854134,0.024899961426854134,1.0,1.0,,,,344.08542805600155,12.775390625
ablation,ablation__Qwen3.5-2B__to__Qwen3.5-4B__l23__p0.00-1.00,T01,1,2,goldfish,monarch butterfly,Qwen3.5-2B,Qwen3.5-4B,23,0.0,1.0,30,30,0,0,0,0,,4.672507566283457e-05,2.2569050997844897e-05,9.604614024283364e-05,4.605956928571686e-05,17.188682556152344,23.382614135742188,0.00010275840759277344,3.741582258953713e-05,5.01434005855117e-05,8.755922317504883e-05,7.295608520507812e-05,-0.00011654496483970433,-2.89857380266767e-05,8.755922317504883e-05,8.755922317504883e-05,0.9572506546974182,0.919183994272392,,,,28.162902094976744,5.4453125
ablation,ablation__Qwen3.5-2B__to__Qwen3.5-4B__l23__p0.00-1.00,T03,3,4,pineapple,acoustic guitar,Qwen3.5-2B,Qwen3.5-4B,23,0.0,1.0,30,30,0,0,0,0,,2.913301250373479e-05,4.215041917632334e-05,5.947613681200892e-05,8.597789565101266e-05,19.486711502075195,13.680599212646484,8.314847946166992e-05,-4.4874348532175645e-05,4.65790435555391e-05,1.7046928633135394e-06,-3.5762786865234375e-07,-7.618268136866391e-05,-7.447798998327926e-05,1.7046928633135394e-06,1.7046928633135394e-06,0.9611946940422058,0.9094387122705928,,,,26.41999404001399,5.4453125
ablation,ablation__Qwen3.5-2B__to__Qwen3.5-4B__l23__p0.00-1.00,T05,5,6,laptop,espresso,Qwen3.5-2B,Qwen3.5-4B,23,0.0,1.0,30,30,0,0,0,0,,4.718080163002014e-05,4.321460801293142e-05,9.642472286941484e-05,8.805088873486966e-05,28.272096633911133,24.968734741210938,4.410743713378906e-05,-2.5073686629184522e-05,2.4680297428858466e-05,-3.9339064983323624e-07,-5.364418029785156e-07,-4.0072201954899356e-05,-4.046559479320422e-05,-3.9339064983323624e-07,-3.9339064983323624e-07,0.9238079786300659,0.8302092751133474,,,,26.723919834010303,5.4453125
ablation,ablation__Qwen3.5-2B__to__Qwen3.5-4B__l23__p0.00-1.00,T07,7,8,volcano,rocking chair,Qwen3.5-2B,Qwen3.5-4B,23,0.0,1.0,30,30,0,0,0,0,,6.774440407752991e-05,5.7614099205238745e-05,0.00013820648018736392,0.00011816418555099517,23.550779342651367,19.432998657226562,9.78708267211914e-05,3.275672497693449e-05,1.732309647195507e-05,5.0079823267878965e-05,5.1587820053100586e-05,-9.169777331408113e-05,-4.161795004620217e-05,5.0079823267878965e-05,5.0079823267878965e-05,0.9635360836982727,0.895682610392392,,,,27.14720071798365,5.4453125
ablation,ablation__Qwen3.5-2B__to__Qwen3.5-4B__l23__p0.00-1.00,T09,9,10,soccer ball,school bus,Qwen3.5-2B,Qwen3.5-4B,23,0.0,1.0,30,30,0,0,0,0,,5.9424590290291235e-05,4.258875924278982e-05,0.00012155148579040542,8.739273471292108e-05,21.65464210510254,25.28047752380371,5.46574592590332e-05,-1.895030254672747e-05,2.118547672580462e-05,2.2351741790771484e-06,1.4007091522216797e-06,-5.1079194236081094e-05,-4.8844020057003945e-05,2.2351741790771484e-06,2.2351741790771484e-06,0.9427202939987183,0.8640513607699123,,,,26.746919547003927,5.4453125
ablation,ablation__Qwen3.5-2B__to__Qwen3.5-4B__l23__p0.25-0.75,T01,1,2,goldfish,monarch butterfly,Qwen3.5-2B,Qwen3.5-4B,23,0.25,0.75,30,30,0,0,0,0,,4.672507566283457e-05,2.2569050997844897e-05,9.604614024283364e-05,4.605956928571686e-05,17.188682556152344,23.382614135742188,0.00010275840759277344,4.0896735299611464e-05,8.401076047448441e-05,0.00012490749941207469,0.00011464953422546387,-0.00011654496483970433,8.362531843886245e-06,0.00012490749941207469,0.00012490749941207469,0.9572506546974182,0.919183994272392,,,,28.235305245994823,5.4453125
ablation,ablation__Qwen3.5-2B__to__Qwen3.5-4B__l23__p0.25-0.75,T03,3,4,pineapple,acoustic guitar,Qwen3.5-2B,Qwen3.5-4B,23,0.25,0.75,30,30,0,0,0,0,,2.913301250373479e-05,4.215041917632334e-05,5.947613681200892e-05,8.597789565101266e-05,19.486711502075195,13.680599212646484,8.314847946166992e-05,-9.074211266124621e-05,0.00012781222176272422,3.7070116377435625e-05,4.3720006942749023e-05,-7.618268136866391e-05,-3.911256862920709e-05,3.7070116377435625e-05,3.7070116377435625e-05,0.9611946940422058,0.9094387122705928,,,,26.78225386799022,5.4453125
ablation,ablation__Qwen3.5-2B__to__Qwen3.5-4B__l23__p0.25-0.75,T05,5,6,laptop,espresso,Qwen3.5-2B,Qwen3.5-4B,23,0.25,0.75,30,30,0,0,0,0,,4.718080163002014e-05,4.321460801293142e-05,9.642472286941484e-05,8.805088873486966e-05,28.272096633911133,24.968734741210938,4.410743713378906e-05,-2.25861858780263e-05,2.443392986606341e-05,1.8477439880371094e-06,2.682209014892578e-06,-4.0072201954899356e-05,-3.8224457966862246e-05,1.8477439880371094e-06,1.8477439880371094e-06,0.9238079786300659,0.8302092751133474,,,,26.879684906001785,5.4453125
ablation,ablation__Qwen3.5-2B__to__Qwen3.5-4B__l23__p0.25-0.75,T07,7,8,volcano,rocking chair,Qwen3.5-2B,Qwen3.5-4B,23,0.25,0.75,30,30,0,0,0,0,,6.774440407752991e-05,5.7614099205238745e-05,0.00013820648018736392,0.00011816418555099517,23.550779342651367,19.432998657226562,9.78708267211914e-05,4.416505544213578e-05,4.936854020343162e-05,9.35335920075886e-05,9.334087371826172e-05,-9.169777331408113e-05,1.8358230136072962e-06,9.35335920075886e-05,9.35335920075886e-05,0.9635360836982727,0.895682610392392,,,,27.50769073300762,5.4453125
ablation,ablation__Qwen3.5-2B__to__Qwen3.5-4B__l23__p0.25-0.75,T09,9,10,soccer ball,school bus,Qwen3.5-2B,Qwen3.5-4B,23,0.25,0.75,30,30,0,0,0,0,,5.9424590290291235e-05,4.258875924278982e-05,0.00012155148579040542,8.739273471292108e-05,21.65464210510254,25.28047752380371,5.46574592590332e-05,-1.875758243841119e-05,2.3472308384953067e-05,4.714727310783928e-06,4.976987838745117e-06,-5.1079194236081094e-05,-4.636446465156041e-05,4.714727310783928e-06,4.714727310783928e-06,0.9427202939987183,0.8640513607699123,,,,26.939983585005393,5.4453125
ablation,ablation__Gemma_4_E2B-it__to__Gemma_4_E4B-it__l15__p1.00-0.00,T01,1,2,goldfish,monarch butterfly,Gemma 4 E2B-it,Gemma 4 E4B-it,15,1.0,0.0,30,30,30,30,30,30,1.0,0.013740313239395618,0.011604906059801579,0.027872681617736816,0.023566236719489098,27.73090362548828,26.296092987060547,0.01898568868637085,0.030575109645724297,0.005473168566823006,0.0360482782125473,0.0361199676990509,-0.01769728772342205,0.018350990489125252,0.0360482782125473,0.0360482782125473,1.0,1.0,,,,357.5629716500116,12.775390625
ablation,ablation__Gemma_4_E2B-it__to__Gemma_4_E4B-it__l15__p1.00-0.00,T03,3,4,pineapple,acoustic guitar,Gemma 4 E2B-it,Gemma 4 E4B-it,15,1.0,0.0,30,30,30,30,30,30,1.0,0.023905666545033455,0.014722772873938084,0.04824504628777504,0.029850417748093605,18.286163330078125,25.011240005493164,0.03270423412322998,0.05117085203528404,0.00881090760231018,0.05998175963759422,0.05984407663345337,-0.029536642134189606,0.030445117503404617,0.05998175963759422,0.05998175963759422,1.0,1.0,,,,344.79486416799773,12.775390625
ablation,ablation__Gemma_4_E2B-it__to__Gemma_4_E4B-it__l15__p1.00-0.00,T05,5,6,laptop,espresso,Gemma 4 E2B-it,Gemma 4 E4B-it,15,1.0,0.0,30,30,30,29,30,29,0.9666666666666667,0.012819773517549038,0.014162767678499222,0.02601718157529831,0.028723325580358505,26.098472595214844,25.805089950561523,0.01222902536392212,0.02591957524418831,-0.005006921477615833,0.0209126528352499,0.021024882793426514,-0.010007870383560658,0.010904783383011818,0.0209126528352499,0.0209126528352499,1.0,0.9999999999999998,,,,355.50511098299467,12.775390625
ablation,ablation__Gemma_4_E2B-it__to__Gemma_4_E4B-it__l15__p1.00-0.00,T07,7,8,volcano,rocking chair,Gemma 4 E2B-it,Gemma 4 E4B-it,15,1.0,0.0,30,30,30,30,30,30,1.0,0.019367802888154984,0.015113559551537037,0.03917695954442024,0.030637145042419434,28.29238510131836,27.540597915649414,0.02183908224105835,0.04041198268532753,0.0008389930007979274,0.04125097021460533,0.040522634983062744,-0.020849129185080528,0.0204018447548151,0.04125097021460533,0.04125097021460533,1.0,0.9999999999999998,,,,352.63603031501407,12.775390625
ablation,ablation__Gemma_4_E2B-it__to__Gemma_4_E4B-it__l15__p1.00-0.00,T09,9,10,soccer ball,school bus,Gemma 4 E2B-it,Gemma 4 E4B-it,15,1.0,0.0,30,30,30,29,30,29,0.9666666666666667,0.016621073707938194,0.010192938148975372,0.03366765007376671,0.020713558420538902,23.42094612121582,27.576175689697266,0.009792685508728027,0.024537090212106705,-0.007384618278592825,0.017152471467852592,0.018139421939849854,-0.00833234004676342,0.008820132352411747,0.017152471467852592,0.017152471467852592,1.0,1.0,,,,352.1849372239958,12.775390625
ablation,ablation__Gemma_4_E2B-it__to__Gemma_4_E4B-it__l15__p0.50-0.50,T01,1,2,goldfish,monarch butterfly,Gemma 4 E2B-it,Gemma 4 E4B-it,15,0.5,0.5,30,30,30,30,30,30,1.0,0.013740313239395618,0.011604906059801579,0.027872681617736816,0.023566236719489098,27.73090362548828,26.296092987060547,0.01898568868637085,-0.4169403910636902,0.5598466396331787,0.14290621876716614,0.14338847994804382,-0.01769728772342205,0.12520892918109894,0.14290621876716614,0.14290621876716614,1.0,1.0,,,,346.4226455099997,12.775390625
ablation,ablation__Gemma_4_E2B-it__to__Gemma_4_E4B-it__l15__p0.50-0.50,T03,3,4,pineapple,acoustic guitar,Gemma 4 E2B-it,Gemma 4 E4B-it,15,0.5,0.5,30,30,30,30,30,30,1.0,0.023905666545033455,0.014722772873938084,0.04824504628777504,0.029850417748093605,18.286163330078125,25.011240005493164,0.03270423412322998,-0.19879817962646484,0.3383716344833374,0.13957348465919495,0.13772821426391602,-0.029536642134189606,0.11003684252500534,0.13957348465919495,0.13957348465919495,1.0,1.0,,,,345.4544815819827,12.775390625
ablation,ablation__Gemma_4_E2B-it__to__Gemma_4_E4B-it__l15__p0.50-0.50,T05,5,6,laptop,espresso,Gemma 4 E2B-it,Gemma 4 E4B-it,15,0.5,0.5,30,30,30,30,30,30,1.0,0.012819773517549038,0.014162767678499222,0.02601718157529831,0.028723325580358505,26.098472595214844,25.805089950561523,0.01222902536392212,-0.3517550826072693,0.44438785314559937,0.09263269603252411,0.0949694812297821,-0.010007870383560658,0.08262483030557632,0.09263269603252411,0.09263269603252411,1.0,0.9999999999999998,,,,340.5442238980031,12.775390625
ablation,ablation__Gemma_4_E2B-it__to__Gemma_4_E4B-it__l15__p0.50-0.50,T07,7,8,volcano,rocking chair,Gemma 4 E2B-it,Gemma 4 E4B-it,15,0.5,0.5,30,30,30,30,30,30,1.0,0.019367802888154984,0.015113559551537037,0.03917695954442024,0.030637145042419434,28.29238510131836,27.540597915649414,0.02183908224105835,-0.24689032137393951,0.36113882064819336,0.11424852162599564,0.11527326703071594,-0.020849129185080528,0.09339937567710876,0.11424852162599564,0.11424852162599564,1.0,0.9999999999999998,,,,332.67360827402445,12.775390625
ablation,ablation__Gemma_4_E2B-it__to__Gemma_4_E4B-it__l15__p0.50-0.50,T09,9,10,soccer ball,school bus,Gemma 4 E2B-it,Gemma 4 E4B-it,15,0.5,0.5,30,30,30,30,30,30,1.0,0.016621073707938194,0.010192938148975372,0.03366765007376671,0.020713558420538902,23.42094612121582,27.576175689697266,0.009792685508728027,-0.22585587203502655,0.28971365094184875,0.0638577863574028,0.06340134143829346,-0.00833234004676342,0.05552545562386513,0.0638577863574028,0.0638577863574028,1.0,1.0,,,,332.7115097170172,12.775390625
ablation,ablation__Qwen3.5-2B__to__Qwen3.5-4B__l23__p0.50-0.50,T01,1,2,goldfish,monarch butterfly,Qwen3.5-2B,Qwen3.5-4B,23,0.5,0.5,30,30,11,6,11,6,0.5454545454545454,4.672507566283457e-05,2.2569050997844897e-05,9.604614024283364e-05,4.605956928571686e-05,17.188682556152344,23.382614135742188,0.00010275840759277344,8.881489338818938e-05,7.44680583011359e-05,0.00016328295168932527,0.00014698505401611328,-0.00011654496483970433,4.6737990487599745e-05,0.00016328295168932527,0.00016328295168932527,0.9572506546974182,0.919183994272392,,,,27.999275679016137,5.4453125
ablation,ablation__Qwen3.5-2B__to__Qwen3.5-4B__l23__p0.50-0.50,T03,3,4,pineapple,acoustic guitar,Qwen3.5-2B,Qwen3.5-4B,23,0.5,0.5,30,30,12,5,12,5,0.4166666666666667,2.913301250373479e-05,4.215041917632334e-05,5.947613681200892e-05,8.597789565101266e-05,19.486711502075195,13.680599212646484,8.314847946166992e-05,-6.673733423667727e-06,8.041659748414531e-05,7.374286360573024e-05,6.99758529663086e-05,-7.618268136866391e-05,-2.4398168534389697e-06,7.374286360573024e-05,7.374286360573024e-05,0.9611946940422058,0.9094387122705928,,,,26.71603041799972,5.4453125
ablation,ablation__Qwen3.5-2B__to__Qwen3.5-4B__l23__p0.50-0.50,T05,5,6,laptop,espresso,Qwen3.5-2B,Qwen3.5-4B,23,0.5,0.5,30,30,7,2,7,2,0.2857142857142857,4.718080163002014e-05,4.321460801293142e-05,9.642472286941484e-05,8.805088873486966e-05,28.272096633911133,24.968734741210938,4.410743713378906e-05,1.5815098777238745e-06,2.124508137058001e-05,2.2826592612545937e-05,2.0444393157958984e-05,-4.0072201954899356e-05,-1.7245611161342822e-05,2.2826592612545937e-05,2.2826592612545937e-05,0.9238079786300659,0.8302092751133474,,,,27.02672472897393,5.4453125
ablation,ablation__Qwen3.5-2B__to__Qwen3.5-4B__l23__p0.50-0.50,T07,7,8,volcano,rocking chair,Qwen3.5-2B,Qwen3.5-4B,23,0.5,0.5,30,30,17,11,17,11,0.6470588235294118,6.774440407752991e-05,5.7614099205238745e-05,0.00013820648018736392,0.00011816418555099517,23.550779342651367,19.432998657226562,9.78708267211914e-05,7.31786058167927e-05,6.646116526098922e-05,0.00013963977107778192,0.00013577938079833984,-9.169777331408113e-05,4.794200140167959e-05,0.00013963977107778192,0.00013963977107778192,0.9635360836982727,0.895682610392392,,,,27.174066622988903,5.4453125
ablation,ablation__Qwen3.5-2B__to__Qwen3.5-4B__l23__p0.50-0.50,T09,9,10,soccer ball,school bus,Qwen3.5-2B,Qwen3.5-4B,23,0.5,0.5,30,30,17,5,17,5,0.29411764705882354,5.9424590290291235e-05,4.258875924278982e-05,0.00012155148579040542,8.739273471292108e-05,21.65464210510254,25.28047752380371,5.46574592590332e-05,5.5730342864990234e-06,3.090500831604004e-05,3.647804260253906e-05,3.594160079956055e-05,-5.1079194236081094e-05,-1.460115072404733e-05,3.647804260253906e-05,3.647804260253906e-05,0.9427202939987183,0.8640513607699123,,,,25.915262756985612,5.4453125
ablation,ablation__Gemma_4_E2B-it__to__Gemma_4_E4B-it__l15__p0.25-0.75,T01,1,2,goldfish,monarch butterfly,Gemma 4 E2B-it,Gemma 4 E4B-it,15,0.25,0.75,30,30,5,2,5,2,0.4,0.013740313239395618,0.011604906059801579,0.027872681617736816,0.023566236719489098,27.73090362548828,26.296092987060547,0.01898568868637085,-0.9763950705528259,1.013613224029541,0.037218086421489716,0.03809112310409546,-0.01769728772342205,0.019520802423357964,0.03721809387207031,0.03721809387207031,1.0,1.0,,,,367.73379892999947,12.775390625
ablation,ablation__Gemma_4_E2B-it__to__Gemma_4_E4B-it__l15__p0.25-0.75,T03,3,4,pineapple,acoustic guitar,Gemma 4 E2B-it,Gemma 4 E4B-it,15,0.25,0.75,30,30,7,5,7,5,0.7142857142857143,0.023905666545033455,0.014722772873938084,0.04824504628777504,0.029850417748093605,18.286163330078125,25.011240005493164,0.03270423412322998,-0.6205042004585266,0.6722956299781799,0.051791463047266006,0.04456111788749695,-0.029536642134189606,0.02225482650101185,0.0517914704978466,0.0517914704978466,1.0,1.0,,,,370.72390984800586,12.775390625
ablation,ablation__Gemma_4_E2B-it__to__Gemma_4_E4B-it__l15__p0.25-0.75,T05,5,6,laptop,espresso,Gemma 4 E2B-it,Gemma 4 E4B-it,15,0.25,0.75,30,30,1,1,1,1,1.0,0.012819773517549038,0.014162767678499222,0.02601718157529831,0.028723325580358505,26.098472595214844,25.805089950561523,0.01222902536392212,-0.8109225630760193,0.838944137096405,0.028021590784192085,0.027206599712371826,-0.010007870383560658,0.018013717606663704,0.028021587058901787,0.028021587058901787,1.0,0.9999999999999998,,,,369.7423101699824,12.775390625
ablation,ablation__Gemma_4_E2B-it__to__Gemma_4_E4B-it__l15__p0.25-0.75,T07,7,8,volcano,rocking chair,Gemma 4 E2B-it,Gemma 4 E4B-it,15,0.25,0.75,30,30,1,1,1,1,1.0,0.019367802888154984,0.015113559551537037,0.03917695954442024,0.030637145042419434,28.29238510131836,27.540597915649414,0.02183908224105835,-1.0035539865493774,1.0101492404937744,0.006595238111913204,0.005203604698181152,-0.020849129185080528,-0.014253901317715645,0.006595226936042309,0.006595226936042309,1.0,0.9999999999999998,,,,349.4487651879899,12.775390625
ablation,ablation__Gemma_4_E2B-it__to__Gemma_4_E4B-it__l15__p0.25-0.75,T09,9,10,soccer ball,school bus,Gemma 4 E2B-it,Gemma 4 E4B-it,15,0.25,0.75,30,30,1,1,1,1,1.0,0.016621073707938194,0.010192938148975372,0.03366765007376671,0.020713558420538902,23.42094612121582,27.576175689697266,0.009792685508728027,-0.6904303431510925,0.6937391757965088,0.003308894345536828,0.002762913703918457,-0.00833234004676342,-0.0050234380178153515,0.003308901796117425,0.003308901796117425,1.0,1.0,,,,344.2324019210064,12.775390625
ablation,ablation__Qwen3.5-2B__to__Qwen3.5-4B__l23__p1.00-0.00,T01,1,2,goldfish,monarch butterfly,Qwen3.5-2B,Qwen3.5-4B,23,1.0,0.0,30,30,30,27,30,27,0.9,4.672507566283457e-05,2.2569050997844897e-05,9.604614024283364e-05,4.605956928571686e-05,17.188682556152344,23.382614135742188,0.00010275840759277344,0.00014021396054886281,4.2577583371894434e-05,0.00018279155483469367,0.00017854571342468262,-0.00011654496483970433,6.624658999498934e-05,0.00018279155483469367,0.00018279155483469367,0.9572506546974182,0.919183994272392,,,,29.011976819994743,5.4453125
ablation,ablation__Qwen3.5-2B__to__Qwen3.5-4B__l23__p1.00-0.00,T03,3,4,pineapple,acoustic guitar,Qwen3.5-2B,Qwen3.5-4B,23,1.0,0.0,30,30,3,2,3,2,0.6666666666666666,2.913301250373479e-05,4.215041917632334e-05,5.947613681200892e-05,8.597789565101266e-05,19.486711502075195,13.680599212646484,8.314847946166992e-05,3.1783183658262715e-05,1.1819601240858901e-05,4.3602783989626914e-05,4.38690185546875e-05,-7.618268136866391e-05,-3.257989737903699e-05,4.3602783989626914e-05,4.3602783989626914e-05,0.9611946940422058,0.9094387122705928,,,,25.645754310011398,5.4453125
ablation,ablation__Qwen3.5-2B__to__Qwen3.5-4B__l23__p1.00-0.00,T05,5,6,laptop,espresso,Qwen3.5-2B,Qwen3.5-4B,23,1.0,0.0,30,30,2,1,2,1,0.5,4.718080163002014e-05,4.321460801293142e-05,9.642472286941484e-05,8.805088873486966e-05,28.272096633911133,24.968734741210938,4.410743713378906e-05,4.823009294341318e-05,-2.814332583511714e-05,2.008676528930664e-05,1.8388032913208008e-05,-4.0072201954899356e-05,-1.9985436665592715e-05,2.008676528930664e-05,2.008676528930664e-05,0.9238079786300659,0.8302092751133474,,,,26.015049940004246,5.4453125
ablation,ablation__Qwen3.5-2B__to__Qwen3.5-4B__l23__p1.00-0.00,T07,7,8,volcano,rocking chair,Qwen3.5-2B,Qwen3.5-4B,23,1.0,0.0,30,30,29,27,29,27,0.9310344827586207,6.774440407752991e-05,5.7614099205238745e-05,0.00013820648018736392,0.00011816418555099517,23.550779342651367,19.432998657226562,9.78708267211914e-05,0.00011048714077332988,2.5616089260438457e-05,0.00013610323367174715,0.00014528632164001465,-9.169777331408113e-05,4.4405460357666016e-05,0.00013610323367174715,0.00013610323367174715,0.9635360836982727,0.895682610392392,,,,26.170270887989318,5.4453125
ablation,ablation__Qwen3.5-2B__to__Qwen3.5-4B__l23__p1.00-0.00,T09,9,10,soccer ball,school bus,Qwen3.5-2B,Qwen3.5-4B,23,1.0,0.0,30,30,10,3,10,3,0.3,5.9424590290291235e-05,4.258875924278982e-05,0.00012155148579040542,8.739273471292108e-05,21.65464210510254,25.28047752380371,5.46574592590332e-05,4.15861613873858e-05,-1.582900767971296e-05,2.5757153707672842e-05,2.440810203552246e-05,-5.1079194236081094e-05,-2.5322040528408252e-05,2.5757153707672842e-05,2.5757153707672842e-05,0.9427202939987183,0.8640513607699123,,,,25.880744142996264,5.4453125
ablation,ablation__Gemma_4_E2B-it__to__Gemma_4_E4B-it__l15__p0.00-1.00,T01,1,2,goldfish,monarch butterfly,Gemma 4 E2B-it,Gemma 4 E4B-it,15,0.0,1.0,30,30,2,1,2,1,0.5,0.013740313239395618,0.011604906059801579,0.027872681617736816,0.023566236719489098,27.73090362548828,26.296092987060547,0.01898568868637085,-1.0148208141326904,1.0397902727127075,0.024969346821308136,0.026371538639068604,-0.01769728772342205,0.007272044662386179,0.024969331920146942,0.024969331920146942,1.0,1.0,,,,366.45364218298346,12.775390625
ablation,ablation__Gemma_4_E2B-it__to__Gemma_4_E4B-it__l15__p0.00-1.00,T03,3,4,pineapple,acoustic guitar,Gemma 4 E2B-it,Gemma 4 E4B-it,15,0.0,1.0,30,30,1,0,1,0,0.0,0.023905666545033455,0.014722772873938084,0.04824504628777504,0.029850417748093605,18.286163330078125,25.011240005493164,0.03270423412322998,-0.8018553853034973,0.807345986366272,0.00549059035256505,0.004165768623352051,-0.029536642134189606,-0.02404605597257614,0.00549059035256505,0.00549059035256505,1.0,1.0,,,,373.015160601004,12.775390625
ablation,ablation__Gemma_4_E2B-it__to__Gemma_4_E4B-it__l15__p0.00-1.00,T05,5,6,laptop,espresso,Gemma 4 E2B-it,Gemma 4 E4B-it,15,0.0,1.0,30,30,0,0,0,0,,0.012819773517549038,0.014162767678499222,0.02601718157529831,0.028723325580358505,26.098472595214844,25.805089950561523,0.01222902536392212,-0.8163796663284302,0.8375669717788696,0.021187294274568558,0.02249044179916382,-0.010007870383560658,0.011179429478943348,0.021187299862504005,0.021187299862504005,1.0,0.9999999999999998,,,,376.462383547987,12.775390625
ablation,ablation__Gemma_4_E2B-it__to__Gemma_4_E4B-it__l15__p0.00-1.00,T07,7,8,volcano,rocking chair,Gemma 4 E2B-it,Gemma 4 E4B-it,15,0.0,1.0,30,30,0,0,0,0,,0.019367802888154984,0.015113559551537037,0.03917695954442024,0.030637145042419434,28.29238510131836,27.540597915649414,0.02183908224105835,-1.0254242420196533,1.0176864862442017,-0.007737807463854551,-0.006575465202331543,-0.020849129185080528,-0.02858693338930607,-0.007737806532531977,-0.007737806532531977,1.0,0.9999999999999998,,,,374.99366140602797,12.775390625
ablation,ablation__Gemma_4_E2B-it__to__Gemma_4_E4B-it__l15__p0.00-1.00,T09,9,10,soccer ball,school bus,Gemma 4 E2B-it,Gemma 4 E4B-it,15,0.0,1.0,30,30,0,0,0,0,,0.016621073707938194,0.010192938148975372,0.03366765007376671,0.020713558420538902,23.42094612121582,27.576175689697266,0.009792685508728027,-0.7423686981201172,0.7396409511566162,-0.0027277430053800344,-0.003252267837524414,-0.00833234004676342,-0.011060082353651524,-0.0027277402114123106,-0.0027277402114123106,1.0,1.0,,,,371.6853290119907,12.775390625
reverse_direction,reverse_direction__Gemma_4_E2B-it__to__Gemma_4_E4B-it__l15__p0.75-0.25,T02,2,1,monarch butterfly,goldfish,Gemma 4 E2B-it,Gemma 4 E4B-it,15,0.75,0.25,30,30,30,30,30,30,1.0,0.011604906059801579,0.013740313239395618,0.023566236719489098,0.027872681617736816,26.296092987060547,27.73090362548828,0.01898568868637085,0.02623855136334896,0.024178190156817436,0.0504167415201664,0.0504702627658844,-0.01747957058250904,0.032937172800302505,0.0504167415201664,0.0504167415201664,1.0,1.0,,,,350.3702866800013,12.775390625
reverse_direction,reverse_direction__Gemma_4_E2B-it__to__Gemma_4_E4B-it__l15__p0.75-0.25,T04,4,3,acoustic guitar,pineapple,Gemma 4 E2B-it,Gemma 4 E4B-it,15,0.75,0.25,30,30,30,30,30,30,1.0,0.014722772873938084,0.023905666545033455,0.029850417748093605,0.04824504628777504,25.011240005493164,18.286163330078125,0.03270423412322998,0.03855745121836662,0.047407444566488266,0.08596489578485489,0.08521053194999695,-0.029747987166047096,0.056216899305582047,0.08596489578485489,0.08596489578485489,1.0,1.0,,,,339.42472163900675,12.775390625
reverse_direction,reverse_direction__Gemma_4_E2B-it__to__Gemma_4_E4B-it__l15__p0.75-0.25,T06,6,5,espresso,laptop,Gemma 4 E2B-it,Gemma 4 E4B-it,15,0.75,0.25,30,30,28,28,28,28,1.0,0.014162767678499222,0.012819773517549038,0.028723325580358505,0.02601718157529831,25.805089950561523,26.098472595214844,0.01222902536392212,0.02382010780274868,0.010670596733689308,0.03449070453643799,0.034458309412002563,-0.013053866103291512,0.021436838433146477,0.03449070453643799,0.03449070453643799,1.0,0.9999999999999998,,,,337.0920656389935,12.775390625
reverse_direction,reverse_direction__Gemma_4_E2B-it__to__Gemma_4_E4B-it__l15__p0.75-0.25,T08,8,7,rocking chair,volcano,Gemma 4 E2B-it,Gemma 4 E4B-it,15,0.75,0.25,30,30,30,30,30,30,1.0,0.015113559551537037,0.019367802888154984,0.030637145042419434,0.03917695954442024,27.540597915649414,28.29238510131836,0.02183908224105835,0.031735438853502274,0.026757778599858284,0.05849321559071541,0.05839857459068298,-0.02129337005317211,0.037199847400188446,0.05849321559071541,0.05849321559071541,1.0,0.9999999999999998,,,,335.85575389100995,12.775390625
reverse_direction,reverse_direction__Gemma_4_E2B-it__to__Gemma_4_E4B-it__l15__p0.75-0.25,T10,10,9,school bus,soccer ball,Gemma 4 E2B-it,Gemma 4 E4B-it,15,0.75,0.25,30,30,30,30,30,30,1.0,0.010192938148975372,0.016621073707938194,0.020713558420538902,0.03366765007376671,27.576175689697266,23.42094612121582,0.009792685508728027,0.015693427994847298,0.009960804134607315,0.025654232129454613,0.025749951601028442,-0.008857939392328262,0.01679629273712635,0.025654232129454613,0.025654232129454613,1.0,1.0,,,,336.668735987987,12.775390625
reverse_direction,reverse_direction__Gemma_4_E2B-it__to__Gemma_4_26B-A4B-it__l15__p0.75-0.25,T02,2,1,monarch butterfly,goldfish,Gemma 4 E2B-it,Gemma 4 26B-A4B-it,15,0.75,0.25,30,30,30,0,30,0,0.0,0.0056675150990486145,0.00678257504478097,0.01154336053878069,0.013806601986289024,25.16468048095703,26.049488067626953,0.013345718383789062,0.0049484530463814735,0.002515645930543542,0.007464098744094372,0.007130026817321777,-0.01313910260796547,-0.0056750038638710976,0.007464098744094372,0.007464098744094372,0.9571262001991272,0.9026865443320575,,,,370.48718791898864,12.775390625
reverse_direction,reverse_direction__Gemma_4_E2B-it__to__Gemma_4_26B-A4B-it__l15__p0.75-0.25,T04,4,3,acoustic guitar,pineapple,Gemma 4 E2B-it,Gemma 4 26B-A4B-it,15,0.75,0.25,30,30,30,1,30,1,0.03333333333333333,0.008564331568777561,0.011478707194328308,0.017418188974261284,0.023311251774430275,22.779808044433594,15.620985984802246,0.025020062923431396,0.010271926410496235,0.0036035776138305664,0.013875504024326801,0.013278573751449585,-0.0241616852581501,-0.010286180302500725,0.013875504024326801,0.013875504024326801,0.932298481464386,0.8886508062939197,,,,367.6523505619989,12.775390625
reverse_direction,reverse_direction__Gemma_4_E2B-it__to__Gemma_4_26B-A4B-it__l15__p0.75-0.25,T06,6,5,espresso,laptop,Gemma 4 E2B-it,Gemma 4 26B-A4B-it,15,0.75,0.25,30,30,28,1,28,1,0.03571428571428571,0.008393824100494385,0.009013031609356403,0.01707316003739834,0.018326686695218086,25.564733505249023,26.997440338134766,0.009382128715515137,0.0012049039360135794,0.002597496844828129,0.003802400780841708,0.003990650177001953,-0.009611720219254494,-0.005809319205582142,0.003802400780841708,0.003802400780841708,0.9033745527267456,0.8599638076943454,,,,366.75703126100416,12.775390625
reverse_direction,reverse_direction__Gemma_4_E2B-it__to__Gemma_4_26B-A4B-it__l15__p0.75-0.25,T08,8,7,rocking chair,volcano,Gemma 4 E2B-it,Gemma 4 26B-A4B-it,15,0.75,0.25,30,30,30,1,30,1,0.03333333333333333,0.009616612456738949,0.010388877242803574,0.019548360258340836,0.021109918132424355,26.277360916137695,28.837570190429688,0.01413869857788086,0.0034320096019655466,0.0034573315642774105,0.006889341399073601,0.006402492523193359,-0.012982552871108055,-0.006093211937695742,0.006889341399073601,0.006889341399073601,0.9484579563140869,0.888266571553616,,,,339.1017596140009,12.775390625
reverse_direction,reverse_direction__Gemma_4_E2B-it__to__Gemma_4_26B-A4B-it__l15__p0.75-0.25,T10,10,9,school bus,soccer ball,Gemma 4 E2B-it,Gemma 4 26B-A4B-it,15,0.75,0.25,30,30,30,0,30,0,0.0,0.00673123961314559,0.00995877105742693,0.013702884316444397,0.020240144804120064,29.225927352905273,24.702110290527344,0.007393002510070801,0.002619123551994562,0.00033356944913975894,0.002952692797407508,0.0028205811977386475,-0.007064566947519779,-0.004111873917281628,0.002952692797407508,0.002952692797407508,0.926635205745697,0.8937779149251907,,,,336.5032454050088,12.775390625
reverse_direction,reverse_direction__InternVL3.5-2B-HF__to__InternVL3.5-4B-HF__l23__p0.75-0.25,T02,2,1,monarch butterfly,goldfish,InternVL3.5-2B-HF,InternVL3.5-4B-HF,23,0.75,0.25,30,30,30,2,30,2,0.06666666666666667,0.015552443452179432,0.018277516588568687,0.03151911497116089,0.03699168935418129,23.017000198364258,23.250425338745117,0.03345024585723877,0.02357369475066662,0.0039562382735311985,0.02752993255853653,0.02791959047317505,-0.03229667618870735,-0.004766744561493397,0.02752993255853653,0.02752993255853653,0.9660874009132385,0.9137480511021122,,,,45.081575346994214,6.513671875
reverse_direction,reverse_direction__InternVL3.5-2B-HF__to__InternVL3.5-4B-HF__l23__p0.75-0.25,T04,4,3,acoustic guitar,pineapple,InternVL3.5-2B-HF,InternVL3.5-4B-HF,23,0.75,0.25,30,30,30,1,30,1,0.03333333333333333,0.01706230640411377,0.018692610785365105,0.034553658217191696,0.03782397136092186,20.959590911865234,19.53386878967285,0.034928858280181885,0.01640029437839985,0.00818592682480812,0.02458622120320797,0.02497348189353943,-0.030321549624204636,-0.005735329817980528,0.02458622120320797,0.02458622120320797,0.9570565819740295,0.9058564879589585,,,,43.98352804900787,6.513671875
reverse_direction,reverse_direction__InternVL3.5-2B-HF__to__InternVL3.5-4B-HF__l23__p0.75-0.25,T06,6,5,espresso,laptop,InternVL3.5-2B-HF,InternVL3.5-4B-HF,23,0.75,0.25,30,30,30,2,30,2,0.06666666666666667,0.015817342326045036,0.01757832244038582,0.032052259892225266,0.0355890728533268,25.70859146118164,25.883657455444336,0.016745686531066895,0.014871949329972267,0.0058107394725084305,0.020682688802480698,0.020885169506072998,-0.01722538471221924,0.0034573038574308157,0.020682688802480698,0.020682688802480698,0.9477024674415588,0.8925706957395585,,,,42.933351854007924,6.513671875
reverse_direction,reverse_direction__InternVL3.5-2B-HF__to__InternVL3.5-4B-HF__l23__p0.75-0.25,T08,8,7,rocking chair,volcano,InternVL3.5-2B-HF,InternVL3.5-4B-HF,23,0.75,0.25,30,30,30,2,30,2,0.06666666666666667,0.0194703321903944,0.024615293368697166,0.039382047951221466,0.04965941607952118,24.553497314453125,25.798168182373047,0.03867542743682861,0.015567539259791374,0.003098086453974247,0.018665624782443047,0.016239017248153687,-0.038405705243349075,-0.019740082323551178,0.018665624782443047,0.018665624782443047,0.974137544631958,0.9261488980194571,,,,43.06822301801003,6.513671875
reverse_direction,reverse_direction__InternVL3.5-2B-HF__to__InternVL3.5-4B-HF__l23__p0.75-0.25,T10,10,9,school bus,soccer ball,InternVL3.5-2B-HF,InternVL3.5-4B-HF,23,0.75,0.25,30,30,29,0,29,0,0.0,0.013044964522123337,0.020641259849071503,0.026471422985196114,0.041725561022758484,25.632814407348633,26.198646545410156,0.015559911727905273,0.0080238226801157,-0.000353286653989926,0.007670535705983639,0.0075165629386901855,-0.01529927272349596,-0.0076287370175123215,0.007670535705983639,0.007670535705983639,0.9472202062606812,0.8764245652236676,,,,43.17185320898716,6.513671875
reverse_direction,reverse_direction__Qwen3.5-2B__to__Gemma_4_E4B-it__l23__p0.75-0.25,T02,2,1,monarch butterfly,goldfish,Qwen3.5-2B,Gemma 4 E4B-it,23,0.75,0.25,30,30,30,0,30,0,0.0,0.011604906059801579,0.013740313239395618,0.023566236719489098,0.027872681617736816,26.296092987060547,27.73090362548828,0.01898568868637085,0.00663447380065918,0.004512864165008068,0.011147337965667248,0.010821998119354248,-0.01747957058250904,-0.006332232616841793,0.011147337965667248,0.011147337965667248,0.8509442806243896,0.7120382811920831,,,,26.28957341000205,5.4453125
reverse_direction,reverse_direction__Qwen3.5-2B__to__Gemma_4_E4B-it__l23__p0.75-0.25,T04,4,3,acoustic guitar,pineapple,Qwen3.5-2B,Gemma 4 E4B-it,23,0.75,0.25,30,30,27,0,27,0,0.0,0.014722772873938084,0.023905666545033455,0.029850417748093605,0.04824504628777504,25.011240005493164,18.286163330078125,0.03270423412322998,0.0048553068190813065,0.0026094457134604454,0.007464752532541752,0.007469207048416138,-0.029747987166047096,-0.02228323370218277,0.007464752532541752,0.007464752532541752,0.7642777562141418,0.5277742813395394,,,,26.245063067006413,5.4453125
reverse_direction,reverse_direction__Qwen3.5-2B__to__Gemma_4_E4B-it__l23__p0.75-0.25,T06,6,5,espresso,laptop,Qwen3.5-2B,Gemma 4 E4B-it,23,0.75,0.25,30,30,21,0,21,0,0.0,0.014162767678499222,0.012819773517549038,0.028723325580358505,0.02601718157529831,25.805089950561523,26.098472595214844,0.01222902536392212,0.002410761546343565,0.0036022106651216745,0.006012971978634596,0.006172001361846924,-0.013053866103291512,-0.007040894124656916,0.006012971978634596,0.006012971978634596,0.7853063941001892,0.6010451529782691,,,,25.851697695994517,5.4453125
reverse_direction,reverse_direction__Qwen3.5-2B__to__Gemma_4_E4B-it__l23__p0.75-0.25,T08,8,7,rocking chair,volcano,Qwen3.5-2B,Gemma 4 E4B-it,23,0.75,0.25,30,30,29,0,29,0,0.0,0.015113559551537037,0.019367802888154984,0.030637145042419434,0.03917695954442024,27.540597915649414,28.29238510131836,0.02183908224105835,0.000995208858512342,0.002259546425193548,0.003254755400121212,0.0020791590213775635,-0.02129337005317211,-0.018038613721728325,0.003254755400121212,0.003254755400121212,0.8427858948707581,0.6248395483169762,,,,25.868064192996826,5.4453125
reverse_direction,reverse_direction__Qwen3.5-2B__to__Gemma_4_E4B-it__l23__p0.75-0.25,T10,10,9,school bus,soccer ball,Qwen3.5-2B,Gemma 4 E4B-it,23,0.75,0.25,30,30,9,0,9,0,0.0,0.010192938148975372,0.016621073707938194,0.020713558420538902,0.03366765007376671,27.576175689697266,23.42094612121582,0.009792685508728027,-0.00019571781740523875,0.0028167564887553453,0.002621038816869259,0.0025971829891204834,-0.008857939392328262,-0.006236901041120291,0.002621038816869259,0.002621038816869259,0.826906144618988,0.6815021936859391,,,,25.824246827018214,5.4453125
reverse_direction,reverse_direction__Gemma_4_E2B-it__to__InternVL3.5-4B-HF__l15__p0.75-0.25,T02,2,1,monarch butterfly,goldfish,Gemma 4 E2B-it,InternVL3.5-4B-HF,15,0.75,0.25,30,30,30,0,30,0,0.0,0.015552443452179432,0.018277516588568687,0.03151911497116089,0.03699168935418129,23.017000198364258,23.250425338745117,0.03345024585723877,0.013399648480117321,-9.012222108140122e-06,0.013390636071562767,0.013236194849014282,-0.03229667618870735,-0.018906040117144585,0.013390636071562767,0.013390636071562767,0.9418367147445679,0.8409391763459584,,,,356.1550204289815,12.775390625
reverse_direction,reverse_direction__Gemma_4_E2B-it__to__InternVL3.5-4B-HF__l15__p0.75-0.25,T04,4,3,acoustic guitar,pineapple,Gemma 4 E2B-it,InternVL3.5-4B-HF,15,0.75,0.25,30,30,30,0,30,0,0.0,0.01706230640411377,0.018692610785365105,0.034553658217191696,0.03782397136092186,20.959590911865234,19.53386878967285,0.034928858280181885,0.010173294693231583,0.003313690423965454,0.013486985117197037,0.012771636247634888,-0.030321549624204636,-0.0168345645070076,0.013486985117197037,0.013486985117197037,0.9085941910743713,0.750940208052508,,,,361.8816399109928,12.775390625
reverse_direction,reverse_direction__Gemma_4_E2B-it__to__InternVL3.5-4B-HF__l15__p0.75-0.25,T06,6,5,espresso,laptop,Gemma 4 E2B-it,InternVL3.5-4B-HF,15,0.75,0.25,30,30,25,1,25,1,0.04,0.015817342326045036,0.01757832244038582,0.032052259892225266,0.0355890728533268,25.70859146118164,25.883657455444336,0.016745686531066895,0.011879120022058487,0.0038162071723490953,0.015695327892899513,0.014254570007324219,-0.01722538471221924,-0.0015300571685656905,0.015695327892899513,0.015695327892899513,0.9026076793670654,0.738224495456555,,,,367.56016824697144,12.775390625
reverse_direction,reverse_direction__Gemma_4_E2B-it__to__InternVL3.5-4B-HF__l15__p0.75-0.25,T08,8,7,rocking chair,volcano,Gemma 4 E2B-it,InternVL3.5-4B-HF,15,0.75,0.25,30,30,30,0,30,0,0.0,0.0194703321903944,0.024615293368697166,0.039382047951221466,0.04965941607952118,24.553497314453125,25.798168182373047,0.03867542743682861,0.008672189898788929,0.0012928486103191972,0.009965037927031517,0.00785362720489502,-0.03755592927336693,-0.02759089320898056,0.009965037927031517,0.009965037927031517,0.928453803062439,0.7981106763834439,,,,374.53952873400704,12.775390625
reverse_direction,reverse_direction__Gemma_4_E2B-it__to__InternVL3.5-4B-HF__l15__p0.75-0.25,T10,10,9,school bus,soccer ball,Gemma 4 E2B-it,InternVL3.5-4B-HF,15,0.75,0.25,30,30,30,0,30,0,0.0,0.013044964522123337,0.020641259849071503,0.026471422985196114,0.041725561022758484,25.632814407348633,26.198646545410156,0.015559911727905273,0.00254398793913424,0.00017462372488807887,0.0027186116203665733,0.0022573769092559814,-0.01529927272349596,-0.012580661103129387,0.0027186116203665733,0.0027186116203665733,0.8687721490859985,0.7181038222246017,,,,374.55992643299396,12.775390625
reverse_direction,reverse_direction__Qwen3.5-2B__to__Qwen3.5-4B__l23__p0.75-0.25,T02,2,1,monarch butterfly,goldfish,Qwen3.5-2B,Qwen3.5-4B,23,0.75,0.25,30,30,30,15,30,15,0.5,2.2569050997844897e-05,4.672507566283457e-05,4.605956928571686e-05,9.604614024283364e-05,23.382614135742188,17.188682556152344,0.00010275840759277344,7.267594628501683e-05,3.4113723813788965e-05,0.00010678966646082699,0.00010964274406433105,-0.00010333259706385434,3.4570693969726562e-06,0.00010678966646082699,0.00010678966646082699,0.9572506546974182,0.919183994272392,,,,26.583673097018618,5.4453125
reverse_direction,reverse_direction__Qwen3.5-2B__to__Qwen3.5-4B__l23__p0.75-0.25,T04,4,3,acoustic guitar,pineapple,Qwen3.5-2B,Qwen3.5-4B,23,0.75,0.25,30,30,27,12,27,12,0.4444444444444444,4.215041917632334e-05,2.913301250373479e-05,8.597789565101266e-05,5.947613681200892e-05,13.680599212646484,19.486711502075195,8.314847946166992e-05,6.922682223375887e-05,2.440015487081837e-05,9.362697892356664e-05,9.548664093017578e-05,-7.360180461546406e-05,2.0025174308102578e-05,9.362697892356664e-05,9.362697892356664e-05,0.961194634437561,0.9094387122705928,,,,26.319860725008766,5.4453125
reverse_direction,reverse_direction__Qwen3.5-2B__to__Qwen3.5-4B__l23__p0.75-0.25,T06,6,5,espresso,laptop,Qwen3.5-2B,Qwen3.5-4B,23,0.75,0.25,30,30,22,10,22,10,0.45454545454545453,4.321460801293142e-05,4.718080163002014e-05,8.805088873486966e-05,9.642472286941484e-05,24.968734741210938,28.272096633911133,4.410743713378906e-05,5.507667810888961e-05,1.2987851732759736e-05,6.806453166063875e-05,6.61015510559082e-05,-4.854202416026965e-05,1.9522507500369102e-05,6.806453166063875e-05,6.806453166063875e-05,0.9238079786300659,0.8302092751133474,,,,26.439108935999684,5.4453125
reverse_direction,reverse_direction__Qwen3.5-2B__to__Qwen3.5-4B__l23__p0.75-0.25,T08,8,7,rocking chair,volcano,Qwen3.5-2B,Qwen3.5-4B,23,0.75,0.25,30,30,29,6,29,6,0.20689655172413793,5.7614099205238745e-05,6.774440407752991e-05,0.00011816418555099517,0.00013820648018736392,19.432998657226562,23.550779342651367,9.78708267211914e-05,6.172458233777434e-05,4.17629871662939e-06,6.590088014490902e-05,6.312131881713867e-05,-9.123484051087871e-05,-2.5333960365969688e-05,6.590088014490902e-05,6.590088014490902e-05,0.9635362029075623,0.895682610392392,,,,26.161984727994422,5.4453125
reverse_direction,reverse_direction__Qwen3.5-2B__to__Qwen3.5-4B__l23__p0.75-0.25,T10,10,9,school bus,soccer ball,Qwen3.5-2B,Qwen3.5-4B,23,0.75,0.25,30,30,10,2,10,2,0.2,4.258875924278982e-05,5.9424590290291235e-05,8.739273471292108e-05,0.00012155148579040542,25.28047752380371,21.65464210510254,5.46574592590332e-05,4.433194771991111e-05,1.2266636076674331e-05,5.659858288709074e-05,5.5849552154541016e-05,-5.378325658966787e-05,2.8153260700491956e-06,5.659858288709074e-05,5.659858288709074e-05,0.9427204132080078,0.8640513607699123,,,,25.71174599698861,5.4453125
reverse_direction,reverse_direction__Qwen3.5-2B__to__Qwen3.5-9B__l23__p0.75-0.25,T02,2,1,monarch butterfly,goldfish,Qwen3.5-2B,Qwen3.5-9B,23,0.75,0.25,30,30,30,1,30,1,0.03333333333333333,7.664163604204077e-06,1.3329088687896729e-05,1.5971982065821066e-05,2.7089094146504067e-05,17.122817993164062,15.23038387298584,3.4332275390625e-05,1.2415647688612808e-05,2.6981035716744373e-06,1.511375103291357e-05,1.424551010131836e-05,-3.451704833423719e-05,-1.940329821081832e-05,1.511375103291357e-05,1.511375103291357e-05,0.9408534169197083,0.8766009203812413,,,,27.674008446992957,5.4453125
reverse_direction,reverse_direction__Qwen3.5-2B__to__Qwen3.5-9B__l23__p0.75-0.25,T04,4,3,acoustic guitar,pineapple,Qwen3.5-2B,Qwen3.5-9B,23,0.75,0.25,30,30,27,0,27,0,0.0,9.454786777496338e-06,9.456028237764258e-06,1.9455450456007384e-05,1.932580562424846e-05,19.949134826660156,16.800617218017578,2.199411392211914e-05,8.895000064512715e-06,-2.086162567138672e-07,8.686383807798848e-06,8.046627044677734e-06,-1.943508868862409e-05,-1.0748703971330542e-05,8.686383807798848e-06,8.686383807798848e-06,0.914558470249176,0.8489998390409518,,,,27.255888494997635,5.4453125
reverse_direction,reverse_direction__Qwen3.5-2B__to__Qwen3.5-9B__l23__p0.75-0.25,T06,6,5,espresso,laptop,Qwen3.5-2B,Qwen3.5-9B,23,0.75,0.25,30,30,21,0,21,0,0.0,1.1055420145567041e-05,1.2309600606386084e-05,2.283073445141781e-05,2.515307642170228e-05,25.283538818359375,28.575605392456055,1.0609626770019531e-05,1.1662642464216333e-05,-1.235802983501344e-06,1.0426839253341313e-05,1.0877847671508789e-05,-1.1473894119262695e-05,-1.0470549796082196e-06,1.0426839253341313e-05,1.0426839253341313e-05,0.8376241326332092,0.6445863072178778,,,,26.486641560986754,5.4453125
reverse_direction,reverse_direction__Qwen3.5-2B__to__Qwen3.5-9B__l23__p0.75-0.25,T08,8,7,rocking chair,volcano,Qwen3.5-2B,Qwen3.5-9B,23,0.75,0.25,30,30,29,0,29,0,0.0,1.634409090911504e-05,1.5175591215665918e-05,3.3198826713487506e-05,3.126102456008084e-05,21.7431640625,24.563989639282227,2.682209014892578e-05,1.522699949418893e-05,-4.09086533181835e-06,1.1136134162370581e-05,1.0013580322265625e-05,-2.3768345272401348e-05,-1.2632211110030767e-05,1.1136134162370581e-05,1.1136134162370581e-05,0.9071047902107239,0.7958412166731171,,,,26.00601847100188,5.4453125
reverse_direction,reverse_direction__Qwen3.5-2B__to__Qwen3.5-9B__l23__p0.75-0.25,T10,10,9,school bus,soccer ball,Qwen3.5-2B,Qwen3.5-9B,23,0.75,0.25,30,30,9,0,9,0,0.0,9.320676326751709e-06,1.3219813808973413e-05,1.927163975778967e-05,2.679307544894982e-05,25.01581382751465,23.292987823486328,1.3113021850585938e-05,7.049242867651628e-06,-9.397665508004138e-07,6.109476089477539e-06,6.079673767089844e-06,-1.3573964679380879e-05,-7.464488135155989e-06,6.109476089477539e-06,6.109476089477539e-06,0.8854108452796936,0.7975380583077056,,,,26.033177841993165,5.4453125
reverse_direction,reverse_direction__InternVL3.5-2B-HF__to__Gemma_4_E4B-it__l23__p0.75-0.25,T02,2,1,monarch butterfly,goldfish,InternVL3.5-2B-HF,Gemma 4 E4B-it,23,0.75,0.25,30,30,30,0,30,0,0.0,0.011604906059801579,0.013740313239395618,0.023566236719489098,0.027872681617736816,26.296092987060547,27.73090362548828,0.01898568868637085,0.0069045801647007465,0.003973541781306267,0.010878121480345726,0.010574519634246826,-0.01747957058250904,-0.0066014486365020275,0.010878121480345726,0.010878121480345726,0.9368488788604736,0.8553114802759518,,,,44.23854857200058,6.513671875
reverse_direction,reverse_direction__InternVL3.5-2B-HF__to__Gemma_4_E4B-it__l23__p0.75-0.25,T04,4,3,acoustic guitar,pineapple,InternVL3.5-2B-HF,Gemma 4 E4B-it,23,0.75,0.25,30,30,30,0,30,0,0.0,0.014722772873938084,0.023905666545033455,0.029850417748093605,0.04824504628777504,25.011240005493164,18.286163330078125,0.03270423412322998,0.004905535839498043,0.0020357747562229633,0.006941310595721006,0.006843388080596924,-0.029747987166047096,-0.022806676104664803,0.006941310595721006,0.006941310595721006,0.8564447164535522,0.6547870531027303,,,,43.98619317599514,6.513671875
reverse_direction,reverse_direction__InternVL3.5-2B-HF__to__Gemma_4_E4B-it__l23__p0.75-0.25,T06,6,5,espresso,laptop,InternVL3.5-2B-HF,Gemma 4 E4B-it,23,0.75,0.25,30,30,30,0,30,0,0.0,0.014162767678499222,0.012819773517549038,0.028723325580358505,0.02601718157529831,25.805089950561523,26.098472595214844,0.01222902536392212,0.0030096708796918392,0.001948110293596983,0.004957781173288822,0.004865884780883789,-0.013053866103291512,-0.00809608493000269,0.004957781173288822,0.004957781173288822,0.9002618789672852,0.7505661835450219,,,,44.21429665100004,6.513671875
reverse_direction,reverse_direction__InternVL3.5-2B-HF__to__Gemma_4_E4B-it__l23__p0.75-0.25,T08,8,7,rocking chair,volcano,InternVL3.5-2B-HF,Gemma 4 E4B-it,23,0.75,0.25,30,30,30,0,30,0,0.0,0.015113559551537037,0.019367802888154984,0.030637145042419434,0.03917695954442024,27.540597915649414,28.29238510131836,0.02183908224105835,0.0025028863456100225,0.0016949991695582867,0.004197885747998953,0.003264129161834717,-0.021541772410273552,-0.017343886196613312,0.004197885747998953,0.004197885747998953,0.9298343658447266,0.7992798860584072,,,,44.137859348003985,6.513671875
reverse_direction,reverse_direction__InternVL3.5-2B-HF__to__Gemma_4_E4B-it__l23__p0.75-0.25,T10,10,9,school bus,soccer ball,InternVL3.5-2B-HF,Gemma 4 E4B-it,23,0.75,0.25,30,30,30,0,30,0,0.0,0.010192938148975372,0.016621073707938194,0.020713558420538902,0.03366765007376671,27.576175689697266,23.42094612121582,0.009792685508728027,0.0007173637277446687,0.002312169410288334,0.0030295331962406635,0.003071814775466919,-0.008857939392328262,-0.005828406196087599,0.0030295331962406635,0.0030295331962406635,0.8798831701278687,0.728837737748348,,,,44.02757752101752,6.513671875
reverse_direction,reverse_direction__Qwen3.5-2B__to__InternVL3.5-4B-HF__l23__p0.75-0.25,T02,2,1,monarch butterfly,goldfish,Qwen3.5-2B,InternVL3.5-4B-HF,23,0.75,0.25,30,30,30,0,30,0,0.0,0.015552443452179432,0.018277516588568687,0.03151911497116089,0.03699168935418129,23.017000198364258,23.250425338745117,0.03345024585723877,0.012349656783044338,-0.00043001174344681203,0.011919645592570305,0.011305063962936401,-0.03229667618870735,-0.020377032458782196,0.011919645592570305,0.011919645592570305,0.8760660290718079,0.7532517662009103,,,,27.869716223009164,5.4453125
reverse_direction,reverse_direction__Qwen3.5-2B__to__InternVL3.5-4B-HF__l23__p0.75-0.25,T04,4,3,acoustic guitar,pineapple,Qwen3.5-2B,InternVL3.5-4B-HF,23,0.75,0.25,30,30,27,0,27,0,0.0,0.01706230640411377,0.018692610785365105,0.034553658217191696,0.03782397136092186,20.959590911865234,19.53386878967285,0.034928858280181885,0.00885039009153843,0.0022212406620383263,0.011071630753576756,0.010989755392074585,-0.030321549624204636,-0.019249919801950455,0.011071630753576756,0.011071630753576756,0.8807937502861023,0.7965858369976894,,,,27.53044757900352,5.4453125
reverse_direction,reverse_direction__Qwen3.5-2B__to__InternVL3.5-4B-HF__l23__p0.75-0.25,T06,6,5,espresso,laptop,Qwen3.5-2B,InternVL3.5-4B-HF,23,0.75,0.25,30,30,20,0,20,0,0.0,0.015817342326045036,0.01757832244038582,0.032052259892225266,0.0355890728533268,25.70859146118164,25.883657455444336,0.016745686531066895,0.00759578961879015,0.0035472114104777575,0.011143000796437263,0.011266231536865234,-0.01722538471221924,-0.006082383915781975,0.011143000796437263,0.011143000796437263,0.825928270816803,0.6303236516918393,,,,26.99699210302788,5.4453125
reverse_direction,reverse_direction__Qwen3.5-2B__to__InternVL3.5-4B-HF__l23__p0.75-0.25,T08,8,7,rocking chair,volcano,Qwen3.5-2B,InternVL3.5-4B-HF,23,0.75,0.25,30,30,29,0,29,0,0.0,0.0194703321903944,0.024615293368697166,0.039382047951221466,0.04965941607952118,24.553497314453125,25.798168182373047,0.03867542743682861,0.00741163082420826,0.0013482689391821623,0.008759899996221066,0.0073881447315216064,-0.03755592927336693,-0.028796030208468437,0.008759899996221066,0.008759899996221066,0.863957405090332,0.7222413740967455,,,,26.934610132011585,5.4453125
reverse_direction,reverse_direction__Qwen3.5-2B__to__InternVL3.5-4B-HF__l23__p0.75-0.25,T10,10,9,school bus,soccer ball,Qwen3.5-2B,InternVL3.5-4B-HF,23,0.75,0.25,30,30,9,0,9,0,0.0,0.013044964522123337,0.020641259849071503,0.026471422985196114,0.041725561022758484,25.632814407348633,26.198646545410156,0.015559911727905273,0.002089864108711481,0.0009592989808879793,0.0030491629149764776,0.0026147663593292236,-0.01529927272349596,-0.012250109575688839,0.0030491629149764776,0.0030491629149764776,0.8293028473854065,0.7120069379126106,,,,27.021542514004977,5.4453125
reverse_direction,reverse_direction__InternVL3.5-2B-HF__to__Qwen3.5-4B__l23__p0.75-0.25,T02,2,1,monarch butterfly,goldfish,InternVL3.5-2B-HF,Qwen3.5-4B,23,0.75,0.25,30,30,30,0,30,0,0.0,2.2569050997844897e-05,4.672507566283457e-05,4.605956928571686e-05,9.604614024283364e-05,23.382614135742188,17.188682556152344,0.00010275840759277344,8.509556209901348e-06,-1.853704475252016e-06,6.6558518483361695e-06,5.453824996948242e-06,-0.00010333259706385434,-9.667674748925492e-05,6.6558518483361695e-06,6.6558518483361695e-06,0.9007353782653809,0.8068765031340197,,,,45.74964073600131,6.513671875
reverse_direction,reverse_direction__InternVL3.5-2B-HF__to__Qwen3.5-4B__l23__p0.75-0.25,T04,4,3,acoustic guitar,pineapple,InternVL3.5-2B-HF,Qwen3.5-4B,23,0.75,0.25,30,30,30,0,30,0,0.0,4.215041917632334e-05,2.913301250373479e-05,8.597789565101266e-05,5.947613681200892e-05,13.680599212646484,19.486711502075195,8.314847946166992e-05,1.8312533939024433e-05,1.2437502618922736e-06,1.9556284314603545e-05,1.4662742614746094e-05,-7.360180461546406e-05,-5.404551848187111e-05,1.9556284314603545e-05,1.9556284314603545e-05,0.9254666566848755,0.8527184915490558,,,,44.60056347800128,6.513671875
reverse_direction,reverse_direction__InternVL3.5-2B-HF__to__Qwen3.5-4B__l23__p0.75-0.25,T06,6,5,espresso,laptop,InternVL3.5-2B-HF,Qwen3.5-4B,23,0.75,0.25,30,30,30,0,30,0,0.0,4.321460801293142e-05,4.718080163002014e-05,8.805088873486966e-05,9.642472286941484e-05,24.968734741210938,28.272096633911133,4.410743713378906e-05,1.5431642168550752e-05,-2.572933908595587e-06,1.2858708942076191e-05,9.953975677490234e-06,-4.854202416026965e-05,-3.5683315218193457e-05,1.2858708942076191e-05,1.2858708942076191e-05,0.8917120099067688,0.7328102200688649,,,,43.81390059100522,6.513671875
reverse_direction,reverse_direction__InternVL3.5-2B-HF__to__Qwen3.5-4B__l23__p0.75-0.25,T08,8,7,rocking chair,volcano,InternVL3.5-2B-HF,Qwen3.5-4B,23,0.75,0.25,30,30,30,0,30,0,0.0,5.7614099205238745e-05,6.774440407752991e-05,0.00011816418555099517,0.00013820648018736392,19.432998657226562,23.550779342651367,9.78708267211914e-05,1.47581104101846e-05,-9.663899618317373e-06,5.0942103371198755e-06,4.112720489501953e-06,-9.550849790684879e-05,-9.041428711498156e-05,5.0942103371198755e-06,5.0942103371198755e-06,0.8988474607467651,0.7617233282285629,,,,43.54471732999082,6.513671875
reverse_direction,reverse_direction__InternVL3.5-2B-HF__to__Qwen3.5-4B__l23__p0.75-0.25,T10,10,9,school bus,soccer ball,InternVL3.5-2B-HF,Qwen3.5-4B,23,0.75,0.25,30,30,30,0,30,0,0.0,4.258875924278982e-05,5.9424590290291235e-05,8.739273471292108e-05,0.00012155148579040542,25.28047752380371,21.65464210510254,5.46574592590332e-05,2.0722548015328357e-06,-6.755193027174755e-08,2.0047029920533532e-06,2.9802322387695312e-08,-5.378325658966787e-05,-5.17785556439776e-05,2.0047029920533532e-06,2.0047029920533532e-06,0.8831189870834351,0.7411675301760164,,,,43.67883268499281,6.513671875
reverse_direction,reverse_direction__InternVL3.5-2B-HF__to__InternVL3.5-8B-HF__l23__p0.75-0.25,T02,2,1,monarch butterfly,goldfish,InternVL3.5-2B-HF,InternVL3.5-8B-HF,23,0.75,0.25,30,30,30,3,30,3,0.1,0.015404585748910904,0.019903458654880524,0.03122246451675892,0.04024935141205788,23.98089599609375,24.13962173461914,0.03508269786834717,0.024178635329008102,0.005412377882748842,0.029591014608740807,0.0299665629863739,-0.034793972969055176,-0.005202956963330507,0.029591014608740807,0.029591014608740807,0.9679560661315918,0.9327099421440115,,,,44.492419923029956,6.513671875
reverse_direction,reverse_direction__InternVL3.5-2B-HF__to__InternVL3.5-8B-HF__l23__p0.75-0.25,T04,4,3,acoustic guitar,pineapple,InternVL3.5-2B-HF,InternVL3.5-8B-HF,23,0.75,0.25,30,30,30,0,30,0,0.0,0.023341679945588112,0.01953318901360035,0.047119952738285065,0.03950817883014679,19.632478713989258,20.52910614013672,0.042083561420440674,0.02639833465218544,0.009250370785593987,0.03564870357513428,0.03546813130378723,-0.033358052372932434,0.002290652133524418,0.03564870357513428,0.03564870357513428,0.9790650010108948,0.9532871806750695,,,,43.54501173099561,6.513671875
reverse_direction,reverse_direction__InternVL3.5-2B-HF__to__InternVL3.5-8B-HF__l23__p0.75-0.25,T06,6,5,espresso,laptop,InternVL3.5-2B-HF,InternVL3.5-8B-HF,23,0.75,0.25,30,30,30,5,30,5,0.16666666666666666,0.018292734399437904,0.02053987979888916,0.037022363394498825,0.04152269661426544,26.15935516357422,26.9877986907959,0.019495725631713867,0.015355191193521023,0.006144350860267878,0.021499542519450188,0.020824193954467773,-0.020026862621307373,0.0014726797817274928,0.021499542519450188,0.021499542519450188,0.9495866298675537,0.9061634809251022,,,,42.99647597900184,6.513671875
reverse_direction,reverse_direction__InternVL3.5-2B-HF__to__InternVL3.5-8B-HF__l23__p0.75-0.25,T08,8,7,rocking chair,volcano,InternVL3.5-2B-HF,InternVL3.5-8B-HF,23,0.75,0.25,30,30,30,0,30,0,0.0,0.021996868774294853,0.02712102234363556,0.04443572461605072,0.0546448677778244,25.830265045166016,25.8299503326416,0.03790408372879028,0.01616695150732994,0.004653062205761671,0.0208200141787529,0.019885748624801636,-0.038249559700489044,-0.017429543659090996,0.0208200141787529,0.0208200141787529,0.9691880941390991,0.912080013164289,,,,43.290685964981094,6.513671875
reverse_direction,reverse_direction__InternVL3.5-2B-HF__to__InternVL3.5-8B-HF__l23__p0.75-0.25,T10,10,9,school bus,soccer ball,InternVL3.5-2B-HF,InternVL3.5-8B-HF,23,0.75,0.25,30,30,30,0,30,0,0.0,0.014637214131653309,0.028057223185896873,0.029678504914045334,0.0565045028924942,26.757408142089844,25.67830467224121,0.019000232219696045,0.006870454642921686,5.457798579300288e-06,0.006875912193208933,0.006721228361129761,-0.017983047291636467,-0.011107134632766247,0.006875912193208933,0.006875912193208933,0.9484160542488098,0.8717490832323199,,,,43.2266691839759,6.513671875
reverse_direction,reverse_direction__Gemma_4_E2B-it__to__Qwen3.5-4B__l15__p0.75-0.25,T02,2,1,monarch butterfly,goldfish,Gemma 4 E2B-it,Qwen3.5-4B,15,0.75,0.25,30,30,30,0,30,0,0.0,2.2569050997844897e-05,4.672507566283457e-05,4.605956928571686e-05,9.604614024283364e-05,23.382614135742188,17.188682556152344,0.00010275840759277344,1.1310974514344707e-05,-2.0563602447509766e-06,9.25461426959373e-06,6.318092346191406e-06,-0.00010333259706385434,-9.407798643223941e-05,9.25461426959373e-06,9.25461426959373e-06,0.8674367070198059,0.7460722647620969,,,,337.07346261301427,12.775390625
reverse_direction,reverse_direction__Gemma_4_E2B-it__to__Qwen3.5-4B__l15__p0.75-0.25,T04,4,3,acoustic guitar,pineapple,Gemma 4 E2B-it,Qwen3.5-4B,15,0.75,0.25,30,30,30,0,30,0,0.0,4.215041917632334e-05,2.913301250373479e-05,8.597789565101266e-05,5.947613681200892e-05,13.680599212646484,19.486711502075195,8.314847946166992e-05,1.7156204194179736e-05,3.353754664203734e-06,2.0509958631009795e-05,1.7702579498291016e-05,-7.360180461546406e-05,-5.309184416546486e-05,2.0509958631009795e-05,2.0509958631009795e-05,0.795652449131012,0.5024936072839901,,,,342.2905122270022,12.775390625
reverse_direction,reverse_direction__Gemma_4_E2B-it__to__Qwen3.5-4B__l15__p0.75-0.25,T06,6,5,espresso,laptop,Gemma 4 E2B-it,Qwen3.5-4B,15,0.75,0.25,30,30,27,0,27,0,0.0,4.321460801293142e-05,4.718080163002014e-05,8.805088873486966e-05,9.642472286941484e-05,24.968734741210938,28.272096633911133,4.410743713378906e-05,2.545316965552047e-05,-1.23977656585339e-06,2.4213393771788105e-05,1.990795135498047e-05,-4.854202416026965e-05,-2.432862856949214e-05,2.4213393771788105e-05,2.4213393771788105e-05,0.8433840274810791,0.6087014194376508,,,,333.89007329999004,12.775390625
reverse_direction,reverse_direction__Gemma_4_E2B-it__to__Qwen3.5-4B__l15__p0.75-0.25,T08,8,7,rocking chair,volcano,Gemma 4 E2B-it,Qwen3.5-4B,15,0.75,0.25,30,30,30,0,30,0,0.0,5.7614099205238745e-05,6.774440407752991e-05,0.00011816418555099517,0.00013820648018736392,19.432998657226562,23.550779342651367,9.78708267211914e-05,9.90430544334231e-06,-3.866354745696299e-06,6.037950697646011e-06,2.086162567138672e-06,-9.123484051087871e-05,-8.519689436070621e-05,6.037950697646011e-06,6.037950697646011e-06,0.866771936416626,0.6194269359076255,,,,334.97513175196946,12.775390625
reverse_direction,reverse_direction__Gemma_4_E2B-it__to__Qwen3.5-4B__l15__p0.75-0.25,T10,10,9,school bus,soccer ball,Gemma 4 E2B-it,Qwen3.5-4B,15,0.75,0.25,30,30,30,0,30,0,0.0,4.258875924278982e-05,5.9424590290291235e-05,8.739273471292108e-05,0.00012155148579040542,25.28047752380371,21.65464210510254,5.46574592590332e-05,-1.8358230136072962e-06,1.1583168770812335e-06,-6.775061365260626e-07,-2.086162567138672e-06,-5.378325658966787e-05,-5.4460764658870175e-05,-6.775061365260626e-07,-6.775061365260626e-07,0.8193195462226868,0.5438602368238711,,,,340.42625646298984,12.775390625
multiple_proxy,Qwen3.5-2B_Qwen3.5-4B__to__Gemma_4_31B-it,T09,9,10,soccer ball,school bus,Qwen3.5-2B+Qwen3.5-4B,Gemma 4 31B-it,-1,0.75,0.25,30,30,28,0,28,0,0.0,0.009950574487447739,0.006719198077917099,0.020223328843712807,0.01367839053273201,24.69827651977539,29.248388290405273,0.007382452487945557,0.002145316218957305,-0.0002388457505730912,0.0019064705120399594,0.00183144211769104,-0.006473873276263475,-0.0045674024149775505,0.0019064705120399594,0.0019064705120399594,0.8606749176979065,0.7020294197640059,0.9427202939987183,0.8640513607699123,0.02740480044623837,29.269679023003846,13.876953125
multiple_proxy,Qwen3.5-2B_Qwen3.5-4B__to__Gemma_4_31B-it,T07,7,8,volcano,rocking chair,Qwen3.5-2B+Qwen3.5-4B,Gemma 4 31B-it,-1,0.75,0.25,30,30,30,1,30,1,0.03333333333333333,0.010363120585680008,0.009606107138097286,0.021057771518826485,0.019526993855834007,28.84990882873535,26.29623031616211,0.01411980390548706,-0.0006839374545961618,0.006541198585182428,0.005857260897755623,0.005691975355148315,-0.01319703459739685,-0.007339773699641228,0.005857260897755623,0.005857260897755623,0.8711766600608826,0.6661601127496264,0.9635360836982727,0.895682610392392,0.029879920934326946,29.144740632007597,13.876953125
multiple_proxy,Qwen3.5-2B_Qwen3.5-4B__to__Gemma_4_31B-it,T05,5,6,laptop,espresso,Qwen3.5-2B+Qwen3.5-4B,Gemma 4 31B-it,-1,0.75,0.25,30,30,18,0,18,0,0.0,0.008998713456094265,0.008367405273020267,0.01829783245921135,0.017019381746649742,27.01032257080078,25.59016227722168,0.009370982646942139,0.00335479574277997,0.0020165303722023964,0.0053713261149823666,0.005526363849639893,-0.007642430253326893,-0.0022711039055138826,0.0053713261149823666,0.0053713261149823666,0.8005383610725403,0.6520544243448572,0.9238079786300659,0.8302092751133474,0.02956964514683932,29.244872155999474,13.876953125
multiple_proxy,Qwen3.5-2B_Qwen3.5-4B__to__Gemma_4_31B-it,T01,1,2,goldfish,monarch butterfly,Qwen3.5-2B+Qwen3.5-4B,Gemma 4 31B-it,-1,0.75,0.25,30,30,30,1,30,1,0.03333333333333333,0.006775058805942535,0.005663224961608648,0.013791508041322231,0.011534485034644604,26.067392349243164,25.164506912231445,0.01332855224609375,0.000618453836068511,0.006260969210416079,0.006879423279315233,0.00671011209487915,-0.012628658674657345,-0.005749235395342112,0.006879423279315233,0.006879423279315233,0.9046216905117035,0.7938646590605118,0.9572506546974182,0.919183994272392,0.03283454712945968,29.066359712007397,13.876953125
multiple_proxy,Qwen3.5-2B_Qwen3.5-4B__to__Gemma_4_31B-it,T03,3,4,pineapple,acoustic guitar,Qwen3.5-2B+Qwen3.5-4B,Gemma 4 31B-it,-1,0.75,0.25,30,30,30,0,30,0,0.0,0.011464106850326061,0.0085529750213027,0.023282106965780258,0.017395133152604103,15.589900016784668,22.792373657226562,0.024973273277282715,0.0044182161800563335,0.0004966735723428428,0.004914889577776194,0.0049384236335754395,-0.019155353307724,-0.014240463264286518,0.004914889577776194,0.004914889577776194,0.7392197549343109,0.6062601153833171,0.9611946940422058,0.9094387122705928,0.024609313381661196,29.149675941996975,13.876953125
multiple_proxy,InternVL3.5-2B-HF_InternVL3.5-4B-HF_InternVL3.5-8B-HF__to__Qwen3.5-27B,T09,9,10,soccer ball,school bus,InternVL3.5-2B-HF+InternVL3.5-4B-HF+InternVL3.5-8B-HF,Qwen3.5-27B,-1,0.75,0.25,30,30,30,0,30,0,0.0,0.00014495353389065713,7.547190034529194e-05,0.00029638982960022986,0.0001542758836876601,19.262489318847656,23.52542495727539,0.00011920928955078125,8.533994696335867e-05,-4.017154424218461e-05,4.5168399083195254e-05,3.331899642944336e-05,-0.00010669827315723523,-6.152987771201879e-05,4.5168399083195254e-05,4.5168399083195254e-05,0.8359290162722269,0.709861782000584,0.9492233792940775,0.8758417230805288,0.022447139551998892,110.43149449400516,31.189453125
multiple_proxy,InternVL3.5-2B-HF_InternVL3.5-4B-HF_InternVL3.5-8B-HF__to__Qwen3.5-27B,T07,7,8,volcano,rocking chair,InternVL3.5-2B-HF+InternVL3.5-4B-HF+InternVL3.5-8B-HF,Qwen3.5-27B,-1,0.75,0.25,30,30,30,7,30,7,0.23333333333333334,0.00013813872647006065,0.0001807945518521592,0.0002821273810695857,0.0003691662277560681,22.10829734802246,16.016029357910156,0.0003146529197692871,0.0001949628203874454,3.1054019927978516e-05,0.0002260168403154239,0.00021407008171081543,-0.00030127365607768297,-7.525682303821668e-05,0.0002260168403154239,0.0002260168403154239,0.8742004235585531,0.7322711950030897,0.9732128381729126,0.9233529833857125,0.028098943461081945,110.99222843300959,31.189453125
multiple_proxy,InternVL3.5-2B-HF_InternVL3.5-4B-HF_InternVL3.5-8B-HF__to__Qwen3.5-27B,T05,5,6,laptop,espresso,InternVL3.5-2B-HF+InternVL3.5-4B-HF+InternVL3.5-8B-HF,Qwen3.5-27B,-1,0.75,0.25,30,30,30,0,30,0,0.0,9.852150833467022e-05,0.0001006138845696114,0.00020141231652814895,0.0002055140066659078,28.058195114135742,23.91963768005371,9.959936141967773e-05,4.119276854908094e-05,-2.112587208102923e-05,2.006689646805171e-05,1.8805265426635742e-05,-9.574691648595035e-05,-7.568001456093043e-05,2.006689646805171e-05,2.006689646805171e-05,0.8939377864201864,0.7655706341029286,0.95551464955012,0.9063994742507288,0.016921957574668342,110.82309198300209,31.189453125
multiple_proxy,InternVL3.5-2B-HF_InternVL3.5-4B-HF_InternVL3.5-8B-HF__to__Qwen3.5-27B,T01,1,2,goldfish,monarch butterfly,InternVL3.5-2B-HF+InternVL3.5-4B-HF+InternVL3.5-8B-HF,Qwen3.5-27B,-1,0.75,0.25,30,30,30,7,30,7,0.23333333333333334,0.00013193364429753274,9.423369920114055e-05,0.00026960024842992425,0.0001926032709889114,16.887300491333008,17.59540557861328,0.0003453493118286133,0.0001900196075439453,2.204775773861911e-05,0.0002120673598255962,0.0002009868621826172,-0.0003597478207666427,-0.00014768044638913125,0.0002120673598255962,0.0002120673598255962,0.8934812744458517,0.8033871997020733,0.969720184803009,0.9264790724128655,0.03309772794775199,111.16797855199547,31.189453125
multiple_proxy,InternVL3.5-2B-HF_InternVL3.5-4B-HF_InternVL3.5-8B-HF__to__Qwen3.5-27B,T03,3,4,pineapple,acoustic guitar,InternVL3.5-2B-HF+InternVL3.5-4B-HF+InternVL3.5-8B-HF,Qwen3.5-27B,-1,0.75,0.25,30,30,30,0,30,0,0.0,0.0001242483704118058,0.00012724970292765647,0.0002539479173719883,0.00026040119701065123,14.27719497680664,15.78109073638916,0.0003160834312438965,8.628765499452129e-05,2.502004281268455e-05,0.00011130770144518465,0.00010126829147338867,-0.00027493436937220395,-0.0001636266679270193,0.00011130770144518465,0.00011130770144518465,0.8707438707351685,0.7897291926374329,0.9666173259417216,0.9238457900561858,0.010366022080391607,110.14147032899928,31.189453125
multiple_proxy,Qwen3.5-2B_Qwen3.5-4B_Qwen3.5-9B__to__Gemma_4_31B-it,T09,9,10,soccer ball,school bus,Qwen3.5-2B+Qwen3.5-4B+Qwen3.5-9B,Gemma 4 31B-it,-1,0.75,0.25,30,30,27,0,27,0,0.0,0.009950574487447739,0.006719198077917099,0.020223328843712807,0.01367839053273201,24.69827651977539,29.248388290405273,0.007382452487945557,0.002302346518263221,-3.938078953069635e-05,0.002262965776026249,0.002205461263656616,-0.006473873276263475,-0.004210907034575939,0.002262965776026249,0.002262965776026249,0.8588840564092001,0.6848289132868436,0.921036422252655,0.842441243478727,0.010423019815922696,38.090918800007785,31.69140625
multiple_proxy,Qwen3.5-2B_Qwen3.5-4B_Qwen3.5-9B__to__Gemma_4_31B-it,T07,7,8,volcano,rocking chair,Qwen3.5-2B+Qwen3.5-4B+Qwen3.5-9B,Gemma 4 31B-it,-1,0.75,0.25,30,30,30,2,30,2,0.06666666666666667,0.010363120585680008,0.009606107138097286,0.021057771518826485,0.019526993855834007,28.84990882873535,26.29623031616211,0.01411980390548706,0.0004277944681234658,0.00632101483643055,0.006748809479176998,0.006931275129318237,-0.01319703459739685,-0.0064482251182198524,0.006748809479176998,0.006748809479176998,0.8743533690770467,0.6661754404374015,0.9322299559911092,0.8349250670295335,0.012227408864673635,38.26118272799795,31.69140625
multiple_proxy,Qwen3.5-2B_Qwen3.5-4B_Qwen3.5-9B__to__Gemma_4_31B-it,T05,5,6,laptop,espresso,Qwen3.5-2B+Qwen3.5-4B+Qwen3.5-9B,Gemma 4 31B-it,-1,0.75,0.25,30,30,18,1,18,1,0.05555555555555555,0.008998713456094265,0.008367405273020267,0.01829783245921135,0.017019381746649742,27.01032257080078,25.59016227722168,0.009370982646942139,0.003684624098241329,0.0021212161518633366,0.005805840250104666,0.006017804145812988,-0.007642430253326893,-0.001836590003222227,0.005805840250104666,0.005805840250104666,0.8050577243169149,0.669704642904532,0.8864643772443136,0.7509068251107665,0.012498301037233735,39.41929089399491,31.69140625
multiple_proxy,Qwen3.5-2B_Qwen3.5-4B_Qwen3.5-9B__to__Gemma_4_31B-it,T01,1,2,goldfish,monarch butterfly,Qwen3.5-2B+Qwen3.5-4B+Qwen3.5-9B,Gemma 4 31B-it,-1,0.75,0.25,30,30,30,6,30,6,0.2,0.006775058805942535,0.005663224961608648,0.013791508041322231,0.011534485034644604,26.067392349243164,25.164506912231445,0.01332855224609375,0.0012685457477346063,0.006678956560790539,0.00794750265777111,0.00796082615852356,-0.012628658674657345,-0.004681156016886234,0.00794750265777111,0.00794750265777111,0.9000653624534607,0.7880198034091732,0.9474273920059204,0.8945085638089684,0.015750675642678354,40.043897816991375,31.69140625
multiple_proxy,Qwen3.5-2B_Qwen3.5-4B_Qwen3.5-9B__to__Gemma_4_31B-it,T03,3,4,pineapple,acoustic guitar,Qwen3.5-2B+Qwen3.5-4B+Qwen3.5-9B,Gemma 4 31B-it,-1,0.75,0.25,30,30,29,0,29,0,0.0,0.011464106850326061,0.0085529750213027,0.023282106965780258,0.017395133152604103,15.589900016784668,22.792373657226562,0.024973273277282715,0.004870662931352854,4.8559904826106504e-05,0.0049192230217158794,0.004662692546844482,-0.019155353307724,-0.014236130751669407,0.0049192230217158794,0.0049192230217158794,0.746137797832489,0.6223480708193617,0.9316699504852295,0.8697741758819659,0.011451704094586906,39.982876727000985,31.69140625
multiple_proxy,Gemma_4_E2B-it_Gemma_4_E4B-it_Gemma_4_26B-A4B-it__to__InternVL3.5-14B-HF,T05,5,6,laptop,espresso,Gemma 4 E2B-it+Gemma 4 E4B-it+Gemma 4 26B-A4B-it,InternVL3.5-14B-HF,-1,0.75,0.25,30,30,1,1,1,1,1.0,0.07492002099752426,0.07579559832811356,0.1472957879304886,0.14894941449165344,27.160585403442383,26.069704055786133,0.08625811338424683,0.033608004450798035,0.0048279305920004845,0.038435935974121094,0.038651347160339355,-0.07835009694099426,-0.03991415724158287,0.038435935974121094,0.038435935974121094,0.8875456055005392,0.729556611561804,0.9355830351511637,0.9066425384628968,0.33637678056019166,953.4283744390268,77.28515625
multiple_proxy,Gemma_4_E2B-it_Gemma_4_E4B-it_Gemma_4_26B-A4B-it__to__InternVL3.5-14B-HF,T01,1,2,goldfish,monarch butterfly,Gemma 4 E2B-it+Gemma 4 E4B-it+Gemma 4 26B-A4B-it,InternVL3.5-14B-HF,-1,0.75,0.25,30,30,30,11,30,11,0.36666666666666664,0.07971198856830597,0.060335323214530945,0.1563267558813095,0.11952027678489685,24.889020919799805,22.974767684936523,0.15528106689453125,0.06922069191932678,0.03673868253827095,0.10595938563346863,0.10939735174179077,-0.13697226345539093,-0.031012900173664093,0.10595938563346863,0.10595938563346863,0.9477190772692362,0.8454432403537346,0.9714174667994181,0.9351243628880384,0.33642622945040784,939.5179002259974,77.265625
multiple_proxy,Gemma_4_E2B-it_Gemma_4_E4B-it_Gemma_4_26B-A4B-it__to__InternVL3.5-14B-HF,T03,3,4,pineapple,acoustic guitar,Gemma 4 E2B-it+Gemma 4 E4B-it+Gemma 4 26B-A4B-it,InternVL3.5-14B-HF,-1,0.75,0.25,30,30,0,0,0,0,,0.07126869261264801,0.07379614561796188,0.14038291573524475,0.14517106115818024,20.056127548217773,21.605810165405273,0.15723836421966553,0.04406018927693367,0.013742337934672832,0.057802531868219376,0.051399439573287964,-0.136832132935524,-0.07902959734201431,0.057802531868219376,0.057802531868219376,0.8798856735229492,0.7351730701800697,0.9548656940460205,0.9257672041959465,0.3343540723832363,933.6726169390022,77.265625
multiple_proxy,InternVL3.5-2B-HF_Gemma_4_E2B-it__to__Qwen3.5-27B,T09,9,10,soccer ball,school bus,InternVL3.5-2B-HF+Gemma 4 E2B-it,Qwen3.5-27B,-1,0.75,0.25,30,30,30,0,30,0,0.0,0.00014495353389065713,7.547190034529194e-05,0.00029638982960022986,0.0001542758836876601,19.262489318847656,23.52542495727539,0.00011920928955078125,8.958379476098344e-05,-4.549423829303123e-05,4.408955646795221e-05,3.0219554901123047e-05,-0.00010669827315723523,-6.260872032726184e-05,4.408955646795221e-05,4.408955646795221e-05,0.824589729309082,0.684278802261931,0.8798832297325134,0.728837737748348,-0.0024416029667190743,297.42053605400724,17.107421875
multiple_proxy,InternVL3.5-2B-HF_Gemma_4_E2B-it__to__Qwen3.5-27B,T07,7,8,volcano,rocking chair,InternVL3.5-2B-HF+Gemma 4 E2B-it,Qwen3.5-27B,-1,0.75,0.25,30,30,30,6,30,6,0.2,0.00013813872647006065,0.0001807945518521592,0.0002821273810695857,0.0003691662277560681,22.10829734802246,16.016029357910156,0.0003146529197692871,0.0001961847156053409,1.982251887966413e-05,0.00021600723266601562,0.00020360946655273438,-0.00030127365607768297,-8.526643068762496e-05,0.00021600723266601562,0.00021600723266601562,0.8587621748447418,0.6802764263963852,0.9298343658447266,0.7992798860584072,-0.0005716005425074399,306.9838689049793,17.107421875
multiple_proxy,InternVL3.5-2B-HF_Gemma_4_E2B-it__to__Qwen3.5-27B,T05,5,6,laptop,espresso,InternVL3.5-2B-HF+Gemma 4 E2B-it,Qwen3.5-27B,-1,0.75,0.25,30,30,30,0,30,0,0.0,9.852150833467022e-05,0.0001006138845696114,0.00020141231652814895,0.0002055140066659078,28.058195114135742,23.91963768005371,9.959936141967773e-05,3.525813372107223e-05,-1.7571448552189395e-05,1.7686685168882832e-05,1.4066696166992188e-05,-9.574691648595035e-05,-7.806022767908871e-05,1.7686685168882832e-05,1.7686685168882832e-05,0.8600495755672455,0.7200651427248674,0.9002621173858643,0.7505661835450219,-0.0035794077647005908,298.90299282401975,17.126953125
multiple_proxy,InternVL3.5-2B-HF_Gemma_4_E2B-it__to__Qwen3.5-27B,T01,1,2,goldfish,monarch butterfly,InternVL3.5-2B-HF+Gemma 4 E2B-it,Qwen3.5-27B,-1,0.75,0.25,30,30,30,4,30,4,0.13333333333333333,0.00013193364429753274,9.423369920114055e-05,0.00026960024842992425,0.0001926032709889114,16.887300491333008,17.59540557861328,0.0003453493118286133,0.00017857154307421297,1.5479326975764707e-05,0.00019405086641199887,0.00017639994621276855,-0.0003597478207666427,-0.0001656969398027286,0.00019405086641199887,0.00019405086641199887,0.8834238946437836,0.7929058802844808,0.9368488788604736,0.8553114802759518,-0.0003343732985376846,297.7670392370055,17.126953125
multiple_proxy,InternVL3.5-2B-HF_Gemma_4_E2B-it__to__Qwen3.5-27B,T03,3,4,pineapple,acoustic guitar,InternVL3.5-2B-HF+Gemma 4 E2B-it,Qwen3.5-27B,-1,0.75,0.25,30,30,30,0,30,0,0.0,0.0001242483704118058,0.00012724970292765647,0.0002539479173719883,0.00026040119701065123,14.27719497680664,15.78109073638916,0.0003160834312438965,8.582870214013383e-05,2.7042628062190488e-05,0.00011287132656434551,0.00010415911674499512,-0.00027493436937220395,-0.00016206303553190082,0.00011287132656434551,0.00011287132656434551,0.8114610016345978,0.6726774290518637,0.8564447164535522,0.6547870531027303,-0.0067294409614987675,291.0633295319858,17.126953125
multiple_proxy,Gemma_4_E2B-it__to__InternVL3.5-14B-HF,T09,9,10,soccer ball,school bus,Gemma 4 E2B-it,InternVL3.5-14B-HF,-1,0.75,0.25,30,30,30,0,30,0,0.0,0.10145730525255203,0.0636904239654541,0.19671940803527832,0.1259484738111496,25.003171920776367,26.69189453125,0.0781065821647644,0.029683398082852364,-0.0019876956939697266,0.027695702388882637,0.026706397533416748,-0.06460591405630112,-0.03691020980477333,0.027695702388882637,0.027695702388882637,0.8577516674995422,0.7194677716847624,,,,271.77035266200255,12.73046875
multiple_proxy,Gemma_4_E2B-it__to__InternVL3.5-14B-HF,T07,7,8,volcano,rocking chair,Gemma 4 E2B-it,InternVL3.5-14B-HF,-1,0.75,0.25,30,30,30,7,30,7,0.23333333333333334,0.10290652513504028,0.0861934944987297,0.19937729835510254,0.16846716403961182,25.934175491333008,25.53024673461914,0.18071043491363525,0.09767627716064453,0.04177701845765114,0.13945332169532776,0.12651216983795166,-0.15124058723449707,-0.011787277646362782,0.13945332169532776,0.13945332169532776,0.9385977387428284,0.8336775680851626,,,,268.2379097570156,12.73046875
multiple_proxy,Gemma_4_E2B-it__to__InternVL3.5-14B-HF,T05,5,6,laptop,espresso,Gemma 4 E2B-it,InternVL3.5-14B-HF,-1,0.75,0.25,30,30,30,0,30,0,0.0,0.07492002099752426,0.07579559832811356,0.1472957879304886,0.14894941449165344,27.160585403442383,26.069704055786133,0.08625811338424683,0.02781551517546177,-0.00042024452704936266,0.02739527076482773,0.024780720472335815,-0.07407838851213455,-0.046683114022016525,0.02739527076482773,0.02739527076482773,0.9043950438499451,0.7338813122233027,,,,268.0268081620088,12.73046875
multiple_proxy,Gemma_4_E2B-it__to__InternVL3.5-14B-HF,T01,1,2,goldfish,monarch butterfly,Gemma 4 E2B-it,InternVL3.5-14B-HF,-1,0.75,0.25,30,30,30,5,30,5,0.16666666666666666,0.07971198856830597,0.060335323214530945,0.1563267558813095,0.11952027678489685,24.889020919799805,22.974767684936523,0.15528106689453125,0.05263067036867142,0.03001018799841404,0.08264085650444031,0.07973858714103699,-0.1363637000322342,-0.053722839802503586,0.08264085650444031,0.08264085650444031,0.9454782605171204,0.8397853935152674,,,,267.9343465050042,12.73046875
multiple_proxy,Gemma_4_E2B-it__to__InternVL3.5-14B-HF,T03,3,4,pineapple,acoustic guitar,Gemma 4 E2B-it,InternVL3.5-14B-HF,-1,0.75,0.25,30,30,30,0,30,0,0.0,0.07126869261264801,0.07379614561796188,0.14038291573524475,0.14517106115818024,20.056127548217773,21.605810165405273,0.15723836421966553,0.038523126393556595,0.01153695397078991,0.05006009340286255,0.04231402277946472,-0.1345520168542862,-0.08449193090200424,0.05006009340286255,0.05006009340286255,0.8963858485221863,0.7134193890229025,,,,267.83375714900467,12.73046875
multiple_proxy,InternVL3.5-2B-HF_InternVL3.5-4B-HF__to__Qwen3.5-27B,T09,9,10,soccer ball,school bus,InternVL3.5-2B-HF+InternVL3.5-4B-HF,Qwen3.5-27B,-1,0.75,0.25,30,30,30,0,30,0,0.0,0.00014495353389065713,7.547190034529194e-05,0.00029638982960022986,0.0001542758836876601,19.262489318847656,23.52542495727539,0.00011920928955078125,7.978280336828902e-05,-3.876884875353426e-05,4.1013954614754766e-05,2.917647361755371e-05,-0.00010669827315723523,-6.568431854248047e-05,4.1013954614754766e-05,4.1013954614754766e-05,0.8301553130149841,0.7044730256129146,0.9472202062606812,0.8764245652236676,0.026975400252849793,75.34670761998859,15.30859375
multiple_proxy,InternVL3.5-2B-HF_InternVL3.5-4B-HF__to__Qwen3.5-27B,T07,7,8,volcano,rocking chair,InternVL3.5-2B-HF+InternVL3.5-4B-HF,Qwen3.5-27B,-1,0.75,0.25,30,30,30,3,30,3,0.1,0.00013813872647006065,0.0001807945518521592,0.0002821273810695857,0.0003691662277560681,22.10829734802246,16.016029357910156,0.0003146529197692871,0.00018129944510292262,1.8793343770084903e-05,0.00020009279251098633,0.0001800060272216797,-0.00030127365607768297,-0.00010118087084265426,0.00020009279251098633,0.00020009279251098633,0.8736592233181,0.7311934063017986,0.974137544631958,0.9261488980194571,0.03191080970107578,75.75464495600318,15.30859375
multiple_proxy,InternVL3.5-2B-HF_InternVL3.5-4B-HF__to__Qwen3.5-27B,T05,5,6,laptop,espresso,InternVL3.5-2B-HF+InternVL3.5-4B-HF,Qwen3.5-27B,-1,0.75,0.25,30,30,30,0,30,0,0.0,9.852150833467022e-05,0.0001006138845696114,0.00020141231652814895,0.0002055140066659078,28.058195114135742,23.91963768005371,9.959936141967773e-05,3.401040885364637e-05,-1.7863512766780332e-05,1.614689790585544e-05,1.2069940567016602e-05,-9.574691648595035e-05,-7.960001676110551e-05,1.614689790585544e-05,1.614689790585544e-05,0.889429360628128,0.7602150370864863,0.9477026462554932,0.8925706957395585,0.01763885206368286,75.49221397499787,15.30859375
multiple_proxy,InternVL3.5-2B-HF_InternVL3.5-4B-HF__to__Qwen3.5-27B,T01,1,2,goldfish,monarch butterfly,InternVL3.5-2B-HF+InternVL3.5-4B-HF,Qwen3.5-27B,-1,0.75,0.25,30,30,30,2,30,2,0.06666666666666667,0.00013193364429753274,9.423369920114055e-05,0.00026960024842992425,0.0001926032709889114,16.887300491333008,17.59540557861328,0.0003453493118286133,0.0001585841237101704,6.2644480749440845e-06,0.0001648485631449148,0.00015667080879211426,-0.0003597478207666427,-0.00019489924306981266,0.0001648485631449148,0.0001648485631449148,0.8902992904186249,0.8020205091951795,0.9660873413085938,0.9137480511021122,0.0386322306538932,76.80213292999542,15.30859375
multiple_proxy,InternVL3.5-2B-HF_InternVL3.5-4B-HF__to__Qwen3.5-27B,T03,3,4,pineapple,acoustic guitar,InternVL3.5-2B-HF+InternVL3.5-4B-HF,Qwen3.5-27B,-1,0.75,0.25,30,30,30,0,30,0,0.0,0.0001242483704118058,0.00012724970292765647,0.0002539479173719883,0.00026040119701065123,14.27719497680664,15.78109073638916,0.0003160834312438965,7.059177005430683e-05,1.4281273251981474e-05,8.48730414872989e-05,7.43865966796875e-05,-0.00027493436937220395,-0.00019006132788490504,8.48730414872989e-05,8.48730414872989e-05,0.8736070096492767,0.7974979155705066,0.9570565819740295,0.9058564879589585,0.006334680568761542,75.5753329920044,15.30859375
multiple_proxy,InternVL3.5-2B-HF__to__Qwen3.5-27B,T09,9,10,soccer ball,school bus,InternVL3.5-2B-HF,Qwen3.5-27B,-1,0.75,0.25,30,30,30,0,30,0,0.0,0.00014495353389065713,7.547190034529194e-05,0.00029638982960022986,0.0001542758836876601,19.262489318847656,23.52542495727539,0.00011920928955078125,7.116397318895906e-05,-3.8518508517881855e-05,3.264546467107721e-05,2.3573637008666992e-05,-0.00010669827315723523,-7.405281212413684e-05,3.264546467107721e-05,3.264546467107721e-05,0.8389680981636047,0.7114510027230642,,,,33.61768738400133,6.4765625
multiple_proxy,InternVL3.5-2B-HF__to__Qwen3.5-27B,T07,7,8,volcano,rocking chair,InternVL3.5-2B-HF,Qwen3.5-27B,-1,0.75,0.25,30,30,30,1,30,1,0.03333333333333333,0.00013813872647006065,0.0001807945518521592,0.0002821273810695857,0.0003691662277560681,22.10829734802246,16.016029357910156,0.0003146529197692871,0.00016611417231615633,1.5318394162022742e-06,0.00016764600877650082,0.00015437602996826172,-0.00030127365607768297,-0.00013362764730118215,0.00016764600877650082,0.00016764600877650082,0.8698771595954895,0.720650561470335,,,,33.61480341400602,6.4765625
multiple_proxy,InternVL3.5-2B-HF__to__Qwen3.5-27B,T05,5,6,laptop,espresso,InternVL3.5-2B-HF,Qwen3.5-27B,-1,0.75,0.25,30,30,30,0,30,0,0.0,9.852150833467022e-05,0.0001006138845696114,0.00020141231652814895,0.0002055140066659078,28.058195114135742,23.91963768005371,9.959936141967773e-05,2.8137366825831123e-05,-1.7656882846495137e-05,1.0480483069841284e-05,9.179115295410156e-06,-9.574691648595035e-05,-8.526643068762496e-05,1.0480483069841284e-05,1.0480483069841284e-05,0.8748825788497925,0.7418001824713781,,,,33.569848979997914,6.4765625
multiple_proxy,InternVL3.5-2B-HF__to__Qwen3.5-27B,T01,1,2,goldfish,monarch butterfly,InternVL3.5-2B-HF,Qwen3.5-27B,-1,0.75,0.25,30,30,30,2,30,2,0.06666666666666667,0.00013193364429753274,9.423369920114055e-05,0.00026960024842992425,0.0001926032709889114,16.887300491333008,17.59540557861328,0.0003453493118286133,0.00013602773833554238,2.5312106117780786e-06,0.0001385589421261102,0.00013121962547302246,-0.0003597478207666427,-0.00022118886408861727,0.0001385589421261102,0.0001385589421261102,0.9005240797996521,0.8211092290031945,,,,33.97004052500415,6.4765625
multiple_proxy,InternVL3.5-2B-HF__to__Qwen3.5-27B,T03,3,4,pineapple,acoustic guitar,InternVL3.5-2B-HF,Qwen3.5-27B,-1,0.75,0.25,30,30,30,0,30,0,0.0,0.0001242483704118058,0.00012724970292765647,0.0002539479173719883,0.00026040119701065123,14.27719497680664,15.78109073638916,0.0003160834312438965,4.8456589865963906e-05,1.1259317034273408e-05,5.971590508124791e-05,4.988908767700195e-05,-0.00027493436937220395,-0.00021521846065297723,5.971590508124791e-05,5.971590508124791e-05,0.8722259998321533,0.8102690733655892,,,,34.07941836700047,6.4765625
multiple_proxy,Qwen3.5-2B__to__Gemma_4_31B-it,T09,9,10,soccer ball,school bus,Qwen3.5-2B,Gemma 4 31B-it,-1,0.75,0.25,30,30,27,0,27,0,0.0,0.009950574487447739,0.006719198077917099,0.020223328843712807,0.01367839053273201,24.69827651977539,29.248388290405273,0.007382452487945557,0.0017110268818214536,0.00015744766278658062,0.001868474530056119,0.002047508955001831,-0.006473873276263475,-0.004605398513376713,0.001868474530056119,0.001868474530056119,0.863053023815155,0.7534217120734114,,,,12.430961030004255,5.408203125
multiple_proxy,Qwen3.5-2B__to__Gemma_4_31B-it,T07,7,8,volcano,rocking chair,Qwen3.5-2B,Gemma 4 31B-it,-1,0.75,0.25,30,30,30,1,30,1,0.03333333333333333,0.010363120585680008,0.009606107138097286,0.021057771518826485,0.019526993855834007,28.84990882873535,26.29623031616211,0.01411980390548706,-0.0007540623191744089,0.006484705023467541,0.0057306429371237755,0.005685955286026001,-0.01319703459739685,-0.007466391660273075,0.0057306429371237755,0.0057306429371237755,0.8613731861114502,0.6741923024832523,,,,12.152496625996719,5.408203125
multiple_proxy,Qwen3.5-2B__to__Gemma_4_31B-it,T05,5,6,laptop,espresso,Qwen3.5-2B,Gemma 4 31B-it,-1,0.75,0.25,30,30,17,0,17,0,0.0,0.008998713456094265,0.008367405273020267,0.01829783245921135,0.017019381746649742,27.01032257080078,25.59016227722168,0.009370982646942139,0.003043262055143714,0.0022038419265300035,0.0052471039816737175,0.004982471466064453,-0.007642430253326893,-0.002395325805991888,0.0052471039816737175,0.0052471039816737175,0.7659106254577637,0.624802481169013,,,,12.102310289999878,5.408203125
multiple_proxy,Qwen3.5-2B__to__Gemma_4_31B-it,T01,1,2,goldfish,monarch butterfly,Qwen3.5-2B,Gemma 4 31B-it,-1,0.75,0.25,30,30,30,0,30,0,0.0,0.006775058805942535,0.005663224961608648,0.013791508041322231,0.011534485034644604,26.067392349243164,25.164506912231445,0.01332855224609375,0.0004822154878638685,0.005927997641265392,0.006410213187336922,0.0064592063426971436,-0.012628658674657345,-0.006218445487320423,0.006410213187336922,0.006410213187336922,0.9005722999572754,0.7864497759178861,,,,12.752043253007287,5.408203125
multiple_proxy,Qwen3.5-2B__to__Gemma_4_31B-it,T03,3,4,pineapple,acoustic guitar,Qwen3.5-2B,Gemma 4 31B-it,-1,0.75,0.25,30,30,30,0,30,0,0.0,0.011464106850326061,0.0085529750213027,0.023282106965780258,0.017395133152604103,15.589900016784668,22.792373657226562,0.024973273277282715,0.004932445473968983,0.0003913978871423751,0.005323843099176884,0.0044669508934021,-0.019155353307724,-0.013831510208547115,0.005323843099176884,0.005323843099176884,0.7164500951766968,0.5874369357472894,,,,12.051042402985331,5.408203125
multiple_proxy,Gemma_4_E2B-it_Gemma_4_E4B-it__to__InternVL3.5-14B-HF,T09,9,10,soccer ball,school bus,Gemma 4 E2B-it+Gemma 4 E4B-it,InternVL3.5-14B-HF,-1,0.75,0.25,30,30,30,0,30,0,0.0,0.10145730525255203,0.0636904239654541,0.19671940803527832,0.1259484738111496,25.003171920776367,26.69189453125,0.0781065821647644,0.030359745025634766,-0.002859528874978423,0.0275002159178257,0.026233196258544922,-0.06460591405630112,-0.03710569068789482,0.0275002159178257,0.0275002159178257,0.8577516674995422,0.7194677716847624,1.0,1.0,0.9999578201770782,526.5714350419948,27.5390625
multiple_proxy,Gemma_4_E2B-it_Gemma_4_E4B-it__to__InternVL3.5-14B-HF,T07,7,8,volcano,rocking chair,Gemma 4 E2B-it+Gemma 4 E4B-it,InternVL3.5-14B-HF,-1,0.75,0.25,30,30,30,9,30,9,0.3,0.10290652513504028,0.0861934944987297,0.19937729835510254,0.16846716403961182,25.934175491333008,25.53024673461914,0.18071043491363525,0.09953789412975311,0.03874681517481804,0.13828474283218384,0.1298389434814453,-0.15124058723449707,-0.012955854646861553,0.13828474283218384,0.13828474283218384,0.9385977387428284,0.8336775680851626,1.0,0.9999999999999998,0.9999551984667778,526.3230698249972,27.5390625
multiple_proxy,Gemma_4_E2B-it_Gemma_4_E4B-it__to__InternVL3.5-14B-HF,T05,5,6,laptop,espresso,Gemma 4 E2B-it+Gemma 4 E4B-it,InternVL3.5-14B-HF,-1,0.75,0.25,30,30,30,1,30,1,0.03333333333333333,0.07492002099752426,0.07579559832811356,0.1472957879304886,0.14894941449165344,27.160585403442383,26.069704055786133,0.08625811338424683,0.02868541143834591,-0.0008322596549987793,0.02785315178334713,0.025777161121368408,-0.07407838851213455,-0.046225227415561676,0.02785315178334713,0.02785315178334713,0.9043950438499451,0.7338813122233027,1.0,0.9999999999999998,0.9999567267298698,524.3958468050114,27.5390625
multiple_proxy,Gemma_4_E2B-it_Gemma_4_E4B-it__to__InternVL3.5-14B-HF,T01,1,2,goldfish,monarch butterfly,Gemma 4 E2B-it+Gemma 4 E4B-it,InternVL3.5-14B-HF,-1,0.75,0.25,30,30,30,4,30,4,0.13333333333333333,0.07971198856830597,0.060335323214530945,0.1563267558813095,0.11952027678489685,24.889020919799805,22.974767684936523,0.15528106689453125,0.051011823117733,0.029150627553462982,0.08016244322061539,0.08571803569793701,-0.1363637000322342,-0.05620124563574791,0.08016244322061539,0.08016244322061539,0.9454782605171204,0.8397853935152674,1.0,1.0,0.9999560737609863,531.7362715600029,27.5390625
multiple_proxy,Gemma_4_E2B-it_Gemma_4_E4B-it__to__InternVL3.5-14B-HF,T03,3,4,pineapple,acoustic guitar,Gemma 4 E2B-it+Gemma 4 E4B-it,InternVL3.5-14B-HF,-1,0.75,0.25,30,30,30,0,30,0,0.0,0.07126869261264801,0.07379614561796188,0.14038291573524475,0.14517106115818024,20.056127548217773,21.605810165405273,0.15723836421966553,0.03846199810504913,0.011493772268295288,0.04995577782392502,0.04805070161819458,-0.1345520168542862,-0.08459625393152237,0.04995577782392502,0.04995577782392502,0.8963858485221863,0.7134193890229025,1.0,1.0,0.9999548056721688,527.9591793899963,27.5390625
